[
{
  "model": "admin.logentry",
  "pk": 5,
  "fields": {
    "action_time": "2025-05-03T16:21:54.339Z",
    "user": 1,
    "content_type": 54,
    "object_id": "1",
    "object_repr": "إعدادات مزامنة جوجل 1",
    "action_flag": 2,
    "change_message": "[{\"changed\": {\"fields\": [\"\\u062a\\u0641\\u0639\\u064a\\u0644 \\u0627\\u0644\\u0645\\u0632\\u0627\\u0645\\u0646\\u0629 \\u0627\\u0644\\u062a\\u0644\\u0642\\u0627\\u0626\\u064a\\u0629\", \"\\u0641\\u062a\\u0631\\u0629 \\u0627\\u0644\\u0645\\u0632\\u0627\\u0645\\u0646\\u0629 (\\u0628\\u0627\\u0644\\u062f\\u0642\\u0627\\u0626\\u0642)\"]}}]"
  }
},
{
  "model": "admin.logentry",
  "pk": 6,
  "fields": {
    "action_time": "2025-05-03T16:22:09.991Z",
    "user": 1,
    "content_type": 58,
    "object_id": "185",
    "object_repr": "185: job 'sync_with_google_sheets' (Executed)",
    "action_flag": 3,
    "change_message": ""
  }
},
{
  "model": "admin.logentry",
  "pk": 7,
  "fields": {
    "action_time": "2025-05-03T16:22:09.999Z",
    "user": 1,
    "content_type": 58,
    "object_id": "183",
    "object_repr": "183: job 'sync_with_google_sheets' (Executed)",
    "action_flag": 3,
    "change_message": ""
  }
},
{
  "model": "admin.logentry",
  "pk": 8,
  "fields": {
    "action_time": "2025-05-03T16:22:10.001Z",
    "user": 1,
    "content_type": 58,
    "object_id": "181",
    "object_repr": "181: job 'sync_with_google_sheets' (Executed)",
    "action_flag": 3,
    "change_message": ""
  }
},
{
  "model": "admin.logentry",
  "pk": 9,
  "fields": {
    "action_time": "2025-05-03T16:22:10.002Z",
    "user": 1,
    "content_type": 58,
    "object_id": "179",
    "object_repr": "179: job 'sync_with_google_sheets' (Executed)",
    "action_flag": 3,
    "change_message": ""
  }
},
{
  "model": "admin.logentry",
  "pk": 10,
  "fields": {
    "action_time": "2025-05-03T16:22:10.004Z",
    "user": 1,
    "content_type": 58,
    "object_id": "178",
    "object_repr": "178: job 'sync_with_google_sheets' (Executed)",
    "action_flag": 3,
    "change_message": ""
  }
},
{
  "model": "admin.logentry",
  "pk": 11,
  "fields": {
    "action_time": "2025-05-03T16:22:10.005Z",
    "user": 1,
    "content_type": 58,
    "object_id": "176",
    "object_repr": "176: job 'sync_with_google_sheets' (Executed)",
    "action_flag": 3,
    "change_message": ""
  }
},
{
  "model": "admin.logentry",
  "pk": 12,
  "fields": {
    "action_time": "2025-05-03T16:22:10.006Z",
    "user": 1,
    "content_type": 58,
    "object_id": "174",
    "object_repr": "174: job 'sync_with_google_sheets' (Executed)",
    "action_flag": 3,
    "change_message": ""
  }
},
{
  "model": "admin.logentry",
  "pk": 13,
  "fields": {
    "action_time": "2025-05-03T16:22:10.009Z",
    "user": 1,
    "content_type": 58,
    "object_id": "173",
    "object_repr": "173: job 'sync_with_google_sheets' (Executed)",
    "action_flag": 3,
    "change_message": ""
  }
},
{
  "model": "admin.logentry",
  "pk": 14,
  "fields": {
    "action_time": "2025-05-03T16:22:10.012Z",
    "user": 1,
    "content_type": 58,
    "object_id": "171",
    "object_repr": "171: job 'sync_with_google_sheets' (Executed)",
    "action_flag": 3,
    "change_message": ""
  }
},
{
  "model": "admin.logentry",
  "pk": 15,
  "fields": {
    "action_time": "2025-05-03T16:22:10.013Z",
    "user": 1,
    "content_type": 58,
    "object_id": "169",
    "object_repr": "169: job 'sync_with_google_sheets' (Executed)",
    "action_flag": 3,
    "change_message": ""
  }
},
{
  "model": "admin.logentry",
  "pk": 16,
  "fields": {
    "action_time": "2025-05-03T16:22:10.014Z",
    "user": 1,
    "content_type": 58,
    "object_id": "167",
    "object_repr": "167: job 'sync_with_google_sheets' (Executed)",
    "action_flag": 3,
    "change_message": ""
  }
},
{
  "model": "admin.logentry",
  "pk": 17,
  "fields": {
    "action_time": "2025-05-03T16:22:10.016Z",
    "user": 1,
    "content_type": 58,
    "object_id": "165",
    "object_repr": "165: job 'sync_with_google_sheets' (Executed)",
    "action_flag": 3,
    "change_message": ""
  }
},
{
  "model": "admin.logentry",
  "pk": 18,
  "fields": {
    "action_time": "2025-05-03T16:22:10.017Z",
    "user": 1,
    "content_type": 58,
    "object_id": "163",
    "object_repr": "163: job 'sync_with_google_sheets' (Executed)",
    "action_flag": 3,
    "change_message": ""
  }
},
{
  "model": "admin.logentry",
  "pk": 19,
  "fields": {
    "action_time": "2025-05-03T16:22:10.018Z",
    "user": 1,
    "content_type": 58,
    "object_id": "161",
    "object_repr": "161: job 'sync_with_google_sheets' (Executed)",
    "action_flag": 3,
    "change_message": ""
  }
},
{
  "model": "admin.logentry",
  "pk": 20,
  "fields": {
    "action_time": "2025-05-03T16:22:10.019Z",
    "user": 1,
    "content_type": 58,
    "object_id": "160",
    "object_repr": "160: job 'sync_with_google_sheets' (Executed)",
    "action_flag": 3,
    "change_message": ""
  }
},
{
  "model": "admin.logentry",
  "pk": 21,
  "fields": {
    "action_time": "2025-05-03T16:22:10.022Z",
    "user": 1,
    "content_type": 58,
    "object_id": "158",
    "object_repr": "158: job 'sync_with_google_sheets' (Executed)",
    "action_flag": 3,
    "change_message": ""
  }
},
{
  "model": "admin.logentry",
  "pk": 22,
  "fields": {
    "action_time": "2025-05-03T16:22:10.023Z",
    "user": 1,
    "content_type": 58,
    "object_id": "156",
    "object_repr": "156: job 'sync_with_google_sheets' (Executed)",
    "action_flag": 3,
    "change_message": ""
  }
},
{
  "model": "admin.logentry",
  "pk": 23,
  "fields": {
    "action_time": "2025-05-03T16:22:10.024Z",
    "user": 1,
    "content_type": 58,
    "object_id": "155",
    "object_repr": "155: job 'sync_with_google_sheets' (Executed)",
    "action_flag": 3,
    "change_message": ""
  }
},
{
  "model": "admin.logentry",
  "pk": 24,
  "fields": {
    "action_time": "2025-05-03T16:22:10.026Z",
    "user": 1,
    "content_type": 58,
    "object_id": "154",
    "object_repr": "154: job 'sync_with_google_sheets' (Executed)",
    "action_flag": 3,
    "change_message": ""
  }
},
{
  "model": "admin.logentry",
  "pk": 25,
  "fields": {
    "action_time": "2025-05-03T16:22:10.028Z",
    "user": 1,
    "content_type": 58,
    "object_id": "152",
    "object_repr": "152: job 'sync_with_google_sheets' (Executed)",
    "action_flag": 3,
    "change_message": ""
  }
},
{
  "model": "admin.logentry",
  "pk": 26,
  "fields": {
    "action_time": "2025-05-03T16:22:10.029Z",
    "user": 1,
    "content_type": 58,
    "object_id": "150",
    "object_repr": "150: job 'sync_with_google_sheets' (Executed)",
    "action_flag": 3,
    "change_message": ""
  }
},
{
  "model": "admin.logentry",
  "pk": 27,
  "fields": {
    "action_time": "2025-05-03T16:22:10.031Z",
    "user": 1,
    "content_type": 58,
    "object_id": "148",
    "object_repr": "148: job 'sync_with_google_sheets' (Executed)",
    "action_flag": 3,
    "change_message": ""
  }
},
{
  "model": "admin.logentry",
  "pk": 28,
  "fields": {
    "action_time": "2025-05-03T16:22:10.033Z",
    "user": 1,
    "content_type": 58,
    "object_id": "146",
    "object_repr": "146: job 'sync_with_google_sheets' (Executed)",
    "action_flag": 3,
    "change_message": ""
  }
},
{
  "model": "admin.logentry",
  "pk": 29,
  "fields": {
    "action_time": "2025-05-03T16:22:10.034Z",
    "user": 1,
    "content_type": 58,
    "object_id": "145",
    "object_repr": "145: job 'sync_with_google_sheets' (Executed)",
    "action_flag": 3,
    "change_message": ""
  }
},
{
  "model": "admin.logentry",
  "pk": 30,
  "fields": {
    "action_time": "2025-05-03T16:22:10.035Z",
    "user": 1,
    "content_type": 58,
    "object_id": "143",
    "object_repr": "143: job 'sync_with_google_sheets' (Executed)",
    "action_flag": 3,
    "change_message": ""
  }
},
{
  "model": "admin.logentry",
  "pk": 31,
  "fields": {
    "action_time": "2025-05-03T16:22:10.036Z",
    "user": 1,
    "content_type": 58,
    "object_id": "141",
    "object_repr": "141: job 'sync_with_google_sheets' (Executed)",
    "action_flag": 3,
    "change_message": ""
  }
},
{
  "model": "admin.logentry",
  "pk": 32,
  "fields": {
    "action_time": "2025-05-03T16:22:10.037Z",
    "user": 1,
    "content_type": 58,
    "object_id": "140",
    "object_repr": "140: job 'sync_with_google_sheets' (Executed)",
    "action_flag": 3,
    "change_message": ""
  }
},
{
  "model": "admin.logentry",
  "pk": 33,
  "fields": {
    "action_time": "2025-05-03T16:22:10.039Z",
    "user": 1,
    "content_type": 58,
    "object_id": "138",
    "object_repr": "138: job 'sync_with_google_sheets' (Executed)",
    "action_flag": 3,
    "change_message": ""
  }
},
{
  "model": "admin.logentry",
  "pk": 34,
  "fields": {
    "action_time": "2025-05-03T16:22:10.041Z",
    "user": 1,
    "content_type": 58,
    "object_id": "136",
    "object_repr": "136: job 'sync_with_google_sheets' (Executed)",
    "action_flag": 3,
    "change_message": ""
  }
},
{
  "model": "admin.logentry",
  "pk": 35,
  "fields": {
    "action_time": "2025-05-03T16:22:10.043Z",
    "user": 1,
    "content_type": 58,
    "object_id": "134",
    "object_repr": "134: job 'sync_with_google_sheets' (Executed)",
    "action_flag": 3,
    "change_message": ""
  }
},
{
  "model": "admin.logentry",
  "pk": 36,
  "fields": {
    "action_time": "2025-05-03T16:22:10.045Z",
    "user": 1,
    "content_type": 58,
    "object_id": "132",
    "object_repr": "132: job 'sync_with_google_sheets' (Executed)",
    "action_flag": 3,
    "change_message": ""
  }
},
{
  "model": "admin.logentry",
  "pk": 37,
  "fields": {
    "action_time": "2025-05-03T16:22:10.045Z",
    "user": 1,
    "content_type": 58,
    "object_id": "130",
    "object_repr": "130: job 'sync_with_google_sheets' (Executed)",
    "action_flag": 3,
    "change_message": ""
  }
},
{
  "model": "admin.logentry",
  "pk": 38,
  "fields": {
    "action_time": "2025-05-03T16:22:10.045Z",
    "user": 1,
    "content_type": 58,
    "object_id": "128",
    "object_repr": "128: job 'sync_with_google_sheets' (Executed)",
    "action_flag": 3,
    "change_message": ""
  }
},
{
  "model": "admin.logentry",
  "pk": 39,
  "fields": {
    "action_time": "2025-05-03T16:22:10.045Z",
    "user": 1,
    "content_type": 58,
    "object_id": "126",
    "object_repr": "126: job 'sync_with_google_sheets' (Executed)",
    "action_flag": 3,
    "change_message": ""
  }
},
{
  "model": "admin.logentry",
  "pk": 40,
  "fields": {
    "action_time": "2025-05-03T16:22:10.045Z",
    "user": 1,
    "content_type": 58,
    "object_id": "124",
    "object_repr": "124: job 'sync_with_google_sheets' (Executed)",
    "action_flag": 3,
    "change_message": ""
  }
},
{
  "model": "admin.logentry",
  "pk": 41,
  "fields": {
    "action_time": "2025-05-03T16:22:10.045Z",
    "user": 1,
    "content_type": 58,
    "object_id": "122",
    "object_repr": "122: job 'sync_with_google_sheets' (Executed)",
    "action_flag": 3,
    "change_message": ""
  }
},
{
  "model": "admin.logentry",
  "pk": 42,
  "fields": {
    "action_time": "2025-05-03T16:22:10.045Z",
    "user": 1,
    "content_type": 58,
    "object_id": "120",
    "object_repr": "120: job 'sync_with_google_sheets' (Executed)",
    "action_flag": 3,
    "change_message": ""
  }
},
{
  "model": "admin.logentry",
  "pk": 43,
  "fields": {
    "action_time": "2025-05-03T16:22:10.045Z",
    "user": 1,
    "content_type": 58,
    "object_id": "119",
    "object_repr": "119: job 'sync_with_google_sheets' (Executed)",
    "action_flag": 3,
    "change_message": ""
  }
},
{
  "model": "admin.logentry",
  "pk": 44,
  "fields": {
    "action_time": "2025-05-03T16:22:10.058Z",
    "user": 1,
    "content_type": 58,
    "object_id": "118",
    "object_repr": "118: job 'sync_with_google_sheets' (Executed)",
    "action_flag": 3,
    "change_message": ""
  }
},
{
  "model": "admin.logentry",
  "pk": 45,
  "fields": {
    "action_time": "2025-05-03T16:22:10.059Z",
    "user": 1,
    "content_type": 58,
    "object_id": "116",
    "object_repr": "116: job 'sync_with_google_sheets' (Executed)",
    "action_flag": 3,
    "change_message": ""
  }
},
{
  "model": "admin.logentry",
  "pk": 46,
  "fields": {
    "action_time": "2025-05-03T16:22:10.059Z",
    "user": 1,
    "content_type": 58,
    "object_id": "114",
    "object_repr": "114: job 'sync_with_google_sheets' (Executed)",
    "action_flag": 3,
    "change_message": ""
  }
},
{
  "model": "admin.logentry",
  "pk": 47,
  "fields": {
    "action_time": "2025-05-03T16:22:10.059Z",
    "user": 1,
    "content_type": 58,
    "object_id": "113",
    "object_repr": "113: job 'sync_with_google_sheets' (Executed)",
    "action_flag": 3,
    "change_message": ""
  }
},
{
  "model": "admin.logentry",
  "pk": 48,
  "fields": {
    "action_time": "2025-05-03T16:22:10.059Z",
    "user": 1,
    "content_type": 58,
    "object_id": "111",
    "object_repr": "111: job 'sync_with_google_sheets' (Executed)",
    "action_flag": 3,
    "change_message": ""
  }
},
{
  "model": "admin.logentry",
  "pk": 49,
  "fields": {
    "action_time": "2025-05-03T16:22:10.059Z",
    "user": 1,
    "content_type": 58,
    "object_id": "109",
    "object_repr": "109: job 'sync_with_google_sheets' (Executed)",
    "action_flag": 3,
    "change_message": ""
  }
},
{
  "model": "admin.logentry",
  "pk": 50,
  "fields": {
    "action_time": "2025-05-03T16:22:10.059Z",
    "user": 1,
    "content_type": 58,
    "object_id": "108",
    "object_repr": "108: job 'sync_with_google_sheets' (Executed)",
    "action_flag": 3,
    "change_message": ""
  }
},
{
  "model": "admin.logentry",
  "pk": 51,
  "fields": {
    "action_time": "2025-05-03T16:22:10.059Z",
    "user": 1,
    "content_type": 58,
    "object_id": "106",
    "object_repr": "106: job 'sync_with_google_sheets' (Executed)",
    "action_flag": 3,
    "change_message": ""
  }
},
{
  "model": "admin.logentry",
  "pk": 52,
  "fields": {
    "action_time": "2025-05-03T16:22:10.059Z",
    "user": 1,
    "content_type": 58,
    "object_id": "104",
    "object_repr": "104: job 'sync_with_google_sheets' (Executed)",
    "action_flag": 3,
    "change_message": ""
  }
},
{
  "model": "admin.logentry",
  "pk": 53,
  "fields": {
    "action_time": "2025-05-03T16:22:10.059Z",
    "user": 1,
    "content_type": 58,
    "object_id": "103",
    "object_repr": "103: job 'sync_with_google_sheets' (Executed)",
    "action_flag": 3,
    "change_message": ""
  }
},
{
  "model": "admin.logentry",
  "pk": 54,
  "fields": {
    "action_time": "2025-05-03T16:22:10.059Z",
    "user": 1,
    "content_type": 58,
    "object_id": "101",
    "object_repr": "101: job 'sync_with_google_sheets' (Executed)",
    "action_flag": 3,
    "change_message": ""
  }
},
{
  "model": "admin.logentry",
  "pk": 55,
  "fields": {
    "action_time": "2025-05-03T16:22:10.076Z",
    "user": 1,
    "content_type": 58,
    "object_id": "99",
    "object_repr": "99: job 'sync_with_google_sheets' (Executed)",
    "action_flag": 3,
    "change_message": ""
  }
},
{
  "model": "admin.logentry",
  "pk": 56,
  "fields": {
    "action_time": "2025-05-03T16:22:10.076Z",
    "user": 1,
    "content_type": 58,
    "object_id": "98",
    "object_repr": "98: job 'sync_with_google_sheets' (Executed)",
    "action_flag": 3,
    "change_message": ""
  }
},
{
  "model": "admin.logentry",
  "pk": 57,
  "fields": {
    "action_time": "2025-05-03T16:22:10.076Z",
    "user": 1,
    "content_type": 58,
    "object_id": "96",
    "object_repr": "96: job 'sync_with_google_sheets' (Executed)",
    "action_flag": 3,
    "change_message": ""
  }
},
{
  "model": "admin.logentry",
  "pk": 58,
  "fields": {
    "action_time": "2025-05-03T16:22:10.076Z",
    "user": 1,
    "content_type": 58,
    "object_id": "94",
    "object_repr": "94: job 'sync_with_google_sheets' (Executed)",
    "action_flag": 3,
    "change_message": ""
  }
},
{
  "model": "admin.logentry",
  "pk": 59,
  "fields": {
    "action_time": "2025-05-03T16:22:10.076Z",
    "user": 1,
    "content_type": 58,
    "object_id": "93",
    "object_repr": "93: job 'sync_with_google_sheets' (Executed)",
    "action_flag": 3,
    "change_message": ""
  }
},
{
  "model": "admin.logentry",
  "pk": 60,
  "fields": {
    "action_time": "2025-05-03T16:22:10.076Z",
    "user": 1,
    "content_type": 58,
    "object_id": "91",
    "object_repr": "91: job 'sync_with_google_sheets' (Executed)",
    "action_flag": 3,
    "change_message": ""
  }
},
{
  "model": "admin.logentry",
  "pk": 61,
  "fields": {
    "action_time": "2025-05-03T16:22:10.076Z",
    "user": 1,
    "content_type": 58,
    "object_id": "89",
    "object_repr": "89: job 'sync_with_google_sheets' (Executed)",
    "action_flag": 3,
    "change_message": ""
  }
},
{
  "model": "admin.logentry",
  "pk": 62,
  "fields": {
    "action_time": "2025-05-03T16:22:10.076Z",
    "user": 1,
    "content_type": 58,
    "object_id": "88",
    "object_repr": "88: job 'sync_with_google_sheets' (Executed)",
    "action_flag": 3,
    "change_message": ""
  }
},
{
  "model": "admin.logentry",
  "pk": 63,
  "fields": {
    "action_time": "2025-05-03T16:22:10.076Z",
    "user": 1,
    "content_type": 58,
    "object_id": "86",
    "object_repr": "86: job 'sync_with_google_sheets' (Executed)",
    "action_flag": 3,
    "change_message": ""
  }
},
{
  "model": "admin.logentry",
  "pk": 64,
  "fields": {
    "action_time": "2025-05-03T16:22:10.076Z",
    "user": 1,
    "content_type": 58,
    "object_id": "84",
    "object_repr": "84: job 'sync_with_google_sheets' (Executed)",
    "action_flag": 3,
    "change_message": ""
  }
},
{
  "model": "admin.logentry",
  "pk": 65,
  "fields": {
    "action_time": "2025-05-03T16:22:10.092Z",
    "user": 1,
    "content_type": 58,
    "object_id": "82",
    "object_repr": "82: job 'sync_with_google_sheets' (Executed)",
    "action_flag": 3,
    "change_message": ""
  }
},
{
  "model": "admin.logentry",
  "pk": 66,
  "fields": {
    "action_time": "2025-05-03T16:22:10.093Z",
    "user": 1,
    "content_type": 58,
    "object_id": "80",
    "object_repr": "80: job 'sync_with_google_sheets' (Executed)",
    "action_flag": 3,
    "change_message": ""
  }
},
{
  "model": "admin.logentry",
  "pk": 67,
  "fields": {
    "action_time": "2025-05-03T16:22:10.093Z",
    "user": 1,
    "content_type": 58,
    "object_id": "78",
    "object_repr": "78: job 'sync_with_google_sheets' (Executed)",
    "action_flag": 3,
    "change_message": ""
  }
},
{
  "model": "admin.logentry",
  "pk": 68,
  "fields": {
    "action_time": "2025-05-03T16:22:10.093Z",
    "user": 1,
    "content_type": 58,
    "object_id": "76",
    "object_repr": "76: job 'sync_with_google_sheets' (Executed)",
    "action_flag": 3,
    "change_message": ""
  }
},
{
  "model": "admin.logentry",
  "pk": 69,
  "fields": {
    "action_time": "2025-05-03T16:22:10.093Z",
    "user": 1,
    "content_type": 58,
    "object_id": "74",
    "object_repr": "74: job 'sync_with_google_sheets' (Executed)",
    "action_flag": 3,
    "change_message": ""
  }
},
{
  "model": "admin.logentry",
  "pk": 70,
  "fields": {
    "action_time": "2025-05-03T16:22:10.093Z",
    "user": 1,
    "content_type": 58,
    "object_id": "72",
    "object_repr": "72: job 'sync_with_google_sheets' (Executed)",
    "action_flag": 3,
    "change_message": ""
  }
},
{
  "model": "admin.logentry",
  "pk": 71,
  "fields": {
    "action_time": "2025-05-03T16:22:10.093Z",
    "user": 1,
    "content_type": 58,
    "object_id": "71",
    "object_repr": "71: job 'sync_with_google_sheets' (Executed)",
    "action_flag": 3,
    "change_message": ""
  }
},
{
  "model": "admin.logentry",
  "pk": 72,
  "fields": {
    "action_time": "2025-05-03T16:22:10.093Z",
    "user": 1,
    "content_type": 58,
    "object_id": "69",
    "object_repr": "69: job 'sync_with_google_sheets' (Executed)",
    "action_flag": 3,
    "change_message": ""
  }
},
{
  "model": "admin.logentry",
  "pk": 73,
  "fields": {
    "action_time": "2025-05-03T16:22:10.093Z",
    "user": 1,
    "content_type": 58,
    "object_id": "67",
    "object_repr": "67: job 'sync_with_google_sheets' (Executed)",
    "action_flag": 3,
    "change_message": ""
  }
},
{
  "model": "admin.logentry",
  "pk": 74,
  "fields": {
    "action_time": "2025-05-03T16:22:10.093Z",
    "user": 1,
    "content_type": 58,
    "object_id": "66",
    "object_repr": "66: job 'sync_with_google_sheets' (Executed)",
    "action_flag": 3,
    "change_message": ""
  }
},
{
  "model": "admin.logentry",
  "pk": 75,
  "fields": {
    "action_time": "2025-05-03T16:22:10.108Z",
    "user": 1,
    "content_type": 58,
    "object_id": "64",
    "object_repr": "64: job 'sync_with_google_sheets' (Executed)",
    "action_flag": 3,
    "change_message": ""
  }
},
{
  "model": "admin.logentry",
  "pk": 76,
  "fields": {
    "action_time": "2025-05-03T16:22:10.111Z",
    "user": 1,
    "content_type": 58,
    "object_id": "62",
    "object_repr": "62: job 'sync_with_google_sheets' (Executed)",
    "action_flag": 3,
    "change_message": ""
  }
},
{
  "model": "admin.logentry",
  "pk": 77,
  "fields": {
    "action_time": "2025-05-03T16:22:10.113Z",
    "user": 1,
    "content_type": 58,
    "object_id": "61",
    "object_repr": "61: job 'sync_with_google_sheets' (Executed)",
    "action_flag": 3,
    "change_message": ""
  }
},
{
  "model": "admin.logentry",
  "pk": 78,
  "fields": {
    "action_time": "2025-05-03T16:22:10.114Z",
    "user": 1,
    "content_type": 58,
    "object_id": "60",
    "object_repr": "60: job 'sync_with_google_sheets' (Executed)",
    "action_flag": 3,
    "change_message": ""
  }
},
{
  "model": "admin.logentry",
  "pk": 79,
  "fields": {
    "action_time": "2025-05-03T16:22:10.115Z",
    "user": 1,
    "content_type": 58,
    "object_id": "58",
    "object_repr": "58: job 'sync_with_google_sheets' (Executed)",
    "action_flag": 3,
    "change_message": ""
  }
},
{
  "model": "admin.logentry",
  "pk": 80,
  "fields": {
    "action_time": "2025-05-03T16:22:10.116Z",
    "user": 1,
    "content_type": 58,
    "object_id": "57",
    "object_repr": "57: job 'sync_with_google_sheets' (Executed)",
    "action_flag": 3,
    "change_message": ""
  }
},
{
  "model": "admin.logentry",
  "pk": 81,
  "fields": {
    "action_time": "2025-05-03T16:22:10.117Z",
    "user": 1,
    "content_type": 58,
    "object_id": "55",
    "object_repr": "55: job 'sync_with_google_sheets' (Executed)",
    "action_flag": 3,
    "change_message": ""
  }
},
{
  "model": "admin.logentry",
  "pk": 82,
  "fields": {
    "action_time": "2025-05-03T16:22:10.118Z",
    "user": 1,
    "content_type": 58,
    "object_id": "53",
    "object_repr": "53: job 'sync_with_google_sheets' (Executed)",
    "action_flag": 3,
    "change_message": ""
  }
},
{
  "model": "admin.logentry",
  "pk": 83,
  "fields": {
    "action_time": "2025-05-03T16:22:10.121Z",
    "user": 1,
    "content_type": 58,
    "object_id": "52",
    "object_repr": "52: job 'sync_with_google_sheets' (Executed)",
    "action_flag": 3,
    "change_message": ""
  }
},
{
  "model": "admin.logentry",
  "pk": 84,
  "fields": {
    "action_time": "2025-05-03T16:22:10.122Z",
    "user": 1,
    "content_type": 58,
    "object_id": "50",
    "object_repr": "50: job 'sync_with_google_sheets' (Executed)",
    "action_flag": 3,
    "change_message": ""
  }
},
{
  "model": "admin.logentry",
  "pk": 85,
  "fields": {
    "action_time": "2025-05-03T16:22:10.123Z",
    "user": 1,
    "content_type": 58,
    "object_id": "48",
    "object_repr": "48: job 'sync_with_google_sheets' (Executed)",
    "action_flag": 3,
    "change_message": ""
  }
},
{
  "model": "admin.logentry",
  "pk": 86,
  "fields": {
    "action_time": "2025-05-03T16:22:10.126Z",
    "user": 1,
    "content_type": 58,
    "object_id": "46",
    "object_repr": "46: job 'sync_with_google_sheets' (Executed)",
    "action_flag": 3,
    "change_message": ""
  }
},
{
  "model": "admin.logentry",
  "pk": 87,
  "fields": {
    "action_time": "2025-05-03T16:22:10.126Z",
    "user": 1,
    "content_type": 58,
    "object_id": "44",
    "object_repr": "44: job 'sync_with_google_sheets' (Executed)",
    "action_flag": 3,
    "change_message": ""
  }
},
{
  "model": "admin.logentry",
  "pk": 88,
  "fields": {
    "action_time": "2025-05-03T16:22:10.126Z",
    "user": 1,
    "content_type": 58,
    "object_id": "42",
    "object_repr": "42: job 'sync_with_google_sheets' (Executed)",
    "action_flag": 3,
    "change_message": ""
  }
},
{
  "model": "admin.logentry",
  "pk": 89,
  "fields": {
    "action_time": "2025-05-03T16:22:10.126Z",
    "user": 1,
    "content_type": 58,
    "object_id": "40",
    "object_repr": "40: job 'sync_with_google_sheets' (Executed)",
    "action_flag": 3,
    "change_message": ""
  }
},
{
  "model": "admin.logentry",
  "pk": 90,
  "fields": {
    "action_time": "2025-05-03T16:22:10.126Z",
    "user": 1,
    "content_type": 58,
    "object_id": "38",
    "object_repr": "38: job 'sync_with_google_sheets' (Executed)",
    "action_flag": 3,
    "change_message": ""
  }
},
{
  "model": "admin.logentry",
  "pk": 91,
  "fields": {
    "action_time": "2025-05-03T16:22:10.126Z",
    "user": 1,
    "content_type": 58,
    "object_id": "36",
    "object_repr": "36: job 'sync_with_google_sheets' (Executed)",
    "action_flag": 3,
    "change_message": ""
  }
},
{
  "model": "admin.logentry",
  "pk": 92,
  "fields": {
    "action_time": "2025-05-03T16:22:10.126Z",
    "user": 1,
    "content_type": 58,
    "object_id": "35",
    "object_repr": "35: job 'sync_with_google_sheets' (Executed)",
    "action_flag": 3,
    "change_message": ""
  }
},
{
  "model": "admin.logentry",
  "pk": 93,
  "fields": {
    "action_time": "2025-05-03T16:22:10.126Z",
    "user": 1,
    "content_type": 58,
    "object_id": "33",
    "object_repr": "33: job 'sync_with_google_sheets' (Executed)",
    "action_flag": 3,
    "change_message": ""
  }
},
{
  "model": "admin.logentry",
  "pk": 94,
  "fields": {
    "action_time": "2025-05-03T16:22:10.126Z",
    "user": 1,
    "content_type": 58,
    "object_id": "31",
    "object_repr": "31: job 'sync_with_google_sheets' (Executed)",
    "action_flag": 3,
    "change_message": ""
  }
},
{
  "model": "admin.logentry",
  "pk": 95,
  "fields": {
    "action_time": "2025-05-03T16:22:10.126Z",
    "user": 1,
    "content_type": 58,
    "object_id": "29",
    "object_repr": "29: job 'sync_with_google_sheets' (Executed)",
    "action_flag": 3,
    "change_message": ""
  }
},
{
  "model": "admin.logentry",
  "pk": 96,
  "fields": {
    "action_time": "2025-05-03T16:22:10.141Z",
    "user": 1,
    "content_type": 58,
    "object_id": "27",
    "object_repr": "27: job 'sync_with_google_sheets' (Executed)",
    "action_flag": 3,
    "change_message": ""
  }
},
{
  "model": "admin.logentry",
  "pk": 97,
  "fields": {
    "action_time": "2025-05-03T16:22:10.143Z",
    "user": 1,
    "content_type": 58,
    "object_id": "25",
    "object_repr": "25: job 'sync_with_google_sheets' (Executed)",
    "action_flag": 3,
    "change_message": ""
  }
},
{
  "model": "admin.logentry",
  "pk": 98,
  "fields": {
    "action_time": "2025-05-03T16:22:10.144Z",
    "user": 1,
    "content_type": 58,
    "object_id": "23",
    "object_repr": "23: job 'sync_with_google_sheets' (Executed)",
    "action_flag": 3,
    "change_message": ""
  }
},
{
  "model": "admin.logentry",
  "pk": 99,
  "fields": {
    "action_time": "2025-05-03T16:22:10.145Z",
    "user": 1,
    "content_type": 58,
    "object_id": "21",
    "object_repr": "21: job 'sync_with_google_sheets' (Executed)",
    "action_flag": 3,
    "change_message": ""
  }
},
{
  "model": "admin.logentry",
  "pk": 100,
  "fields": {
    "action_time": "2025-05-03T16:22:10.146Z",
    "user": 1,
    "content_type": 58,
    "object_id": "19",
    "object_repr": "19: job 'sync_with_google_sheets' (Executed)",
    "action_flag": 3,
    "change_message": ""
  }
},
{
  "model": "admin.logentry",
  "pk": 101,
  "fields": {
    "action_time": "2025-05-03T16:22:10.148Z",
    "user": 1,
    "content_type": 58,
    "object_id": "18",
    "object_repr": "18: job 'sync_with_google_sheets' (Executed)",
    "action_flag": 3,
    "change_message": ""
  }
},
{
  "model": "admin.logentry",
  "pk": 102,
  "fields": {
    "action_time": "2025-05-03T16:22:10.148Z",
    "user": 1,
    "content_type": 58,
    "object_id": "16",
    "object_repr": "16: job 'sync_with_google_sheets' (Executed)",
    "action_flag": 3,
    "change_message": ""
  }
},
{
  "model": "admin.logentry",
  "pk": 103,
  "fields": {
    "action_time": "2025-05-03T16:22:10.152Z",
    "user": 1,
    "content_type": 58,
    "object_id": "14",
    "object_repr": "14: job 'sync_with_google_sheets' (Executed)",
    "action_flag": 3,
    "change_message": ""
  }
},
{
  "model": "admin.logentry",
  "pk": 104,
  "fields": {
    "action_time": "2025-05-03T16:22:10.153Z",
    "user": 1,
    "content_type": 58,
    "object_id": "12",
    "object_repr": "12: job 'sync_with_google_sheets' (Executed)",
    "action_flag": 3,
    "change_message": ""
  }
},
{
  "model": "admin.logentry",
  "pk": 105,
  "fields": {
    "action_time": "2025-05-03T16:22:10.154Z",
    "user": 1,
    "content_type": 58,
    "object_id": "10",
    "object_repr": "10: job 'sync_with_google_sheets' (Executed)",
    "action_flag": 3,
    "change_message": ""
  }
},
{
  "model": "admin.logentry",
  "pk": 106,
  "fields": {
    "action_time": "2025-05-03T16:22:14.914Z",
    "user": 1,
    "content_type": 58,
    "object_id": "9",
    "object_repr": "9: job 'sync_with_google_sheets' (Executed)",
    "action_flag": 3,
    "change_message": ""
  }
},
{
  "model": "admin.logentry",
  "pk": 107,
  "fields": {
    "action_time": "2025-05-03T16:22:14.923Z",
    "user": 1,
    "content_type": 58,
    "object_id": "7",
    "object_repr": "7: job 'sync_with_google_sheets' (Executed)",
    "action_flag": 3,
    "change_message": ""
  }
},
{
  "model": "admin.logentry",
  "pk": 108,
  "fields": {
    "action_time": "2025-05-03T16:22:14.926Z",
    "user": 1,
    "content_type": 58,
    "object_id": "5",
    "object_repr": "5: job 'sync_with_google_sheets' (Executed)",
    "action_flag": 3,
    "change_message": ""
  }
},
{
  "model": "admin.logentry",
  "pk": 109,
  "fields": {
    "action_time": "2025-05-03T16:22:14.926Z",
    "user": 1,
    "content_type": 58,
    "object_id": "3",
    "object_repr": "3: job 'sync_with_google_sheets' (Executed)",
    "action_flag": 3,
    "change_message": ""
  }
},
{
  "model": "admin.logentry",
  "pk": 110,
  "fields": {
    "action_time": "2025-05-03T16:22:14.926Z",
    "user": 1,
    "content_type": 58,
    "object_id": "1",
    "object_repr": "1: job 'sync_with_google_sheets' (Executed)",
    "action_flag": 3,
    "change_message": ""
  }
},
{
  "model": "admin.logentry",
  "pk": 111,
  "fields": {
    "action_time": "2025-05-03T16:25:15.003Z",
    "user": 1,
    "content_type": 12,
    "object_id": "1",
    "object_repr": "صلاحية استيراد قاعدة البيانات (مستخدمين محددين فقط)",
    "action_flag": 3,
    "change_message": ""
  }
},
{
  "model": "admin.logentry",
  "pk": 112,
  "fields": {
    "action_time": "2025-05-03T16:25:22.950Z",
    "user": 1,
    "content_type": 12,
    "object_id": "2",
    "object_repr": "صلاحية استيراد قاعدة البيانات (مستخدمين محددين فقط)",
    "action_flag": 1,
    "change_message": "[{\"added\": {}}]"
  }
},
{
  "model": "admin.logentry",
  "pk": 113,
  "fields": {
    "action_time": "2025-05-03T16:33:44.997Z",
    "user": 1,
    "content_type": 12,
    "object_id": "2",
    "object_repr": "صلاحية استيراد قاعدة البيانات (مستخدمين محددين فقط)",
    "action_flag": 2,
    "change_message": "[]"
  }
},
{
  "model": "admin.logentry",
  "pk": 114,
  "fields": {
    "action_time": "2025-05-03T16:55:01.868Z",
    "user": 1,
    "content_type": 54,
    "object_id": "1",
    "object_repr": "إعدادات مزامنة جوجل 1",
    "action_flag": 2,
    "change_message": "[{\"changed\": {\"fields\": [\"\\u0641\\u062a\\u0631\\u0629 \\u0627\\u0644\\u0645\\u0632\\u0627\\u0645\\u0646\\u0629 (\\u0628\\u0627\\u0644\\u062f\\u0642\\u0627\\u0626\\u0642)\"]}}]"
  }
},
{
  "model": "admin.logentry",
  "pk": 115,
  "fields": {
    "action_time": "2025-05-03T17:33:59.674Z",
    "user": 1,
    "content_type": 54,
    "object_id": "1",
    "object_repr": "إعدادات مزامنة جوجل 1",
    "action_flag": 2,
    "change_message": "[{\"changed\": {\"fields\": [\"\\u062a\\u0641\\u0639\\u064a\\u0644 \\u0627\\u0644\\u0645\\u0632\\u0627\\u0645\\u0646\\u0629 \\u0627\\u0644\\u062a\\u0644\\u0642\\u0627\\u0626\\u064a\\u0629\"]}}]"
  }
},
{
  "model": "admin.logentry",
  "pk": 116,
  "fields": {
    "action_time": "2025-05-03T17:35:59.135Z",
    "user": 1,
    "content_type": 54,
    "object_id": "1",
    "object_repr": "إعدادات مزامنة جوجل 1",
    "action_flag": 2,
    "change_message": "[{\"changed\": {\"fields\": [\"\\u062a\\u0641\\u0639\\u064a\\u0644 \\u0627\\u0644\\u0645\\u0632\\u0627\\u0645\\u0646\\u0629 \\u0627\\u0644\\u062a\\u0644\\u0642\\u0627\\u0626\\u064a\\u0629\"]}}]"
  }
},
{
  "model": "admin.logentry",
  "pk": 117,
  "fields": {
    "action_time": "2025-05-04T10:42:56.121Z",
    "user": 1,
    "content_type": 59,
    "object_id": "1",
    "object_repr": "يدوي - 2025-05-04 10:42:25",
    "action_flag": 3,
    "change_message": ""
  }
},
{
  "model": "admin.logentry",
  "pk": 118,
  "fields": {
    "action_time": "2025-05-04T10:55:11.163Z",
    "user": 1,
    "content_type": 61,
    "object_id": "1",
    "object_repr": "إعدادات إشعارات admin",
    "action_flag": 1,
    "change_message": "[{\"added\": {}}]"
  }
},
{
  "model": "admin.logentry",
  "pk": 119,
  "fields": {
    "action_time": "2025-05-04T10:55:21.856Z",
    "user": 1,
    "content_type": 61,
    "object_id": "2",
    "object_repr": "إعدادات إشعارات admin",
    "action_flag": 1,
    "change_message": "[{\"added\": {}}]"
  }
},
{
  "model": "admin.logentry",
  "pk": 120,
  "fields": {
    "action_time": "2025-05-04T10:55:47.194Z",
    "user": 1,
    "content_type": 61,
    "object_id": "1",
    "object_repr": "إعدادات إشعارات admin",
    "action_flag": 3,
    "change_message": ""
  }
},
{
  "model": "admin.logentry",
  "pk": 121,
  "fields": {
    "action_time": "2025-05-04T10:55:55.172Z",
    "user": 1,
    "content_type": 61,
    "object_id": "3",
    "object_repr": "إعدادات إشعارات admin",
    "action_flag": 1,
    "change_message": "[{\"added\": {}}]"
  }
},
{
  "model": "admin.logentry",
  "pk": 122,
  "fields": {
    "action_time": "2025-05-04T10:56:04.589Z",
    "user": 1,
    "content_type": 61,
    "object_id": "4",
    "object_repr": "إعدادات إشعارات admin",
    "action_flag": 1,
    "change_message": "[{\"added\": {}}]"
  }
},
{
  "model": "admin.logentry",
  "pk": 123,
  "fields": {
    "action_time": "2025-05-04T10:56:14.201Z",
    "user": 1,
    "content_type": 61,
    "object_id": "3",
    "object_repr": "إعدادات إشعارات admin",
    "action_flag": 3,
    "change_message": ""
  }
},
{
  "model": "admin.logentry",
  "pk": 124,
  "fields": {
    "action_time": "2025-05-04T10:56:14.205Z",
    "user": 1,
    "content_type": 61,
    "object_id": "2",
    "object_repr": "إعدادات إشعارات admin",
    "action_flag": 3,
    "change_message": ""
  }
},
{
  "model": "admin.logentry",
  "pk": 125,
  "fields": {
    "action_time": "2025-05-04T10:57:00.681Z",
    "user": 1,
    "content_type": 60,
    "object_id": "1",
    "object_repr": "إعدادات النسخ الاحتياطي التلقائي - يومياً",
    "action_flag": 1,
    "change_message": "[{\"added\": {}}]"
  }
},
{
  "model": "admin.logentry",
  "pk": 126,
  "fields": {
    "action_time": "2025-05-04T12:51:46.678Z",
    "user": 1,
    "content_type": 59,
    "object_id": "4",
    "object_repr": "يدوي - 2025-05-04 12:38:08",
    "action_flag": 3,
    "change_message": ""
  }
},
{
  "model": "admin.logentry",
  "pk": 127,
  "fields": {
    "action_time": "2025-05-04T12:51:46.686Z",
    "user": 1,
    "content_type": 59,
    "object_id": "3",
    "object_repr": "يدوي - 2025-05-04 12:34:01",
    "action_flag": 3,
    "change_message": ""
  }
},
{
  "model": "admin.logentry",
  "pk": 128,
  "fields": {
    "action_time": "2025-05-04T12:51:46.688Z",
    "user": 1,
    "content_type": 59,
    "object_id": "2",
    "object_repr": "يدوي - 2025-05-04 12:33:23",
    "action_flag": 3,
    "change_message": ""
  }
},
{
  "model": "admin.logentry",
  "pk": 129,
  "fields": {
    "action_time": "2025-05-04T13:57:48.398Z",
    "user": 1,
    "content_type": 59,
    "object_id": "6",
    "object_repr": "يدوي - 2025-05-04 13:53:34",
    "action_flag": 3,
    "change_message": ""
  }
},
{
  "model": "admin.logentry",
  "pk": 130,
  "fields": {
    "action_time": "2025-05-04T13:57:48.402Z",
    "user": 1,
    "content_type": 59,
    "object_id": "5",
    "object_repr": "يدوي - 2025-05-04 12:51:51",
    "action_flag": 3,
    "change_message": ""
  }
},
{
  "model": "admin.logentry",
  "pk": 131,
  "fields": {
    "action_time": "2025-05-04T14:19:42.460Z",
    "user": 1,
    "content_type": 59,
    "object_id": "10",
    "object_repr": "يدوي - 2025-05-04 14:16:21",
    "action_flag": 3,
    "change_message": ""
  }
},
{
  "model": "admin.logentry",
  "pk": 132,
  "fields": {
    "action_time": "2025-05-04T14:19:42.464Z",
    "user": 1,
    "content_type": 59,
    "object_id": "9",
    "object_repr": "يدوي - 2025-05-04 14:16:13",
    "action_flag": 3,
    "change_message": ""
  }
},
{
  "model": "admin.logentry",
  "pk": 133,
  "fields": {
    "action_time": "2025-05-04T14:19:42.465Z",
    "user": 1,
    "content_type": 59,
    "object_id": "8",
    "object_repr": "يدوي - 2025-05-04 14:15:51",
    "action_flag": 3,
    "change_message": ""
  }
},
{
  "model": "admin.logentry",
  "pk": 134,
  "fields": {
    "action_time": "2025-05-04T14:19:42.467Z",
    "user": 1,
    "content_type": 59,
    "object_id": "7",
    "object_repr": "يدوي - 2025-05-04 13:58:48",
    "action_flag": 3,
    "change_message": ""
  }
},
{
  "model": "admin.logentry",
  "pk": 135,
  "fields": {
    "action_time": "2025-05-06T13:08:35.919Z",
    "user": 1,
    "content_type": 25,
    "object_id": "3",
    "object_repr": "None - اختبار 1",
    "action_flag": 3,
    "change_message": ""
  }
},
{
  "model": "admin.logentry",
  "pk": 136,
  "fields": {
    "action_time": "2025-05-06T13:08:35.919Z",
    "user": 1,
    "content_type": 25,
    "object_id": "2",
    "object_repr": "None - رامي ابو العنين",
    "action_flag": 3,
    "change_message": ""
  }
},
{
  "model": "admin.logentry",
  "pk": 137,
  "fields": {
    "action_time": "2025-05-11T17:00:50.052Z",
    "user": 1,
    "content_type": 9,
    "object_id": "15",
    "object_repr": "إدارة - العملاء",
    "action_flag": 2,
    "change_message": "[{\"changed\": {\"fields\": [\"\\u0627\\u0644\\u0646\\u0648\\u0639\", \"\\u0627\\u0644\\u0642\\u0633\\u0645 \\u0627\\u0644\\u0631\\u0626\\u064a\\u0633\\u064a\"]}}]"
  }
},
{
  "model": "admin.logentry",
  "pk": 138,
  "fields": {
    "action_time": "2025-05-11T17:00:56.975Z",
    "user": 1,
    "content_type": 9,
    "object_id": "9",
    "object_repr": "إدارة - الإدارة العامة",
    "action_flag": 2,
    "change_message": "[{\"changed\": {\"fields\": [\"\\u0646\\u0634\\u0637\"]}}]"
  }
},
{
  "model": "admin.logentry",
  "pk": 139,
  "fields": {
    "action_time": "2025-05-11T17:01:02.156Z",
    "user": 1,
    "content_type": 9,
    "object_id": "29",
    "object_repr": "وحدة - التوظيف",
    "action_flag": 2,
    "change_message": "[{\"changed\": {\"fields\": [\"\\u0646\\u0634\\u0637\"]}}]"
  }
},
{
  "model": "admin.logentry",
  "pk": 140,
  "fields": {
    "action_time": "2025-05-11T17:01:07.134Z",
    "user": 1,
    "content_type": 9,
    "object_id": "31",
    "object_repr": "وحدة - الدعم الفني",
    "action_flag": 2,
    "change_message": "[{\"changed\": {\"fields\": [\"\\u0646\\u0634\\u0637\"]}}]"
  }
},
{
  "model": "admin.logentry",
  "pk": 141,
  "fields": {
    "action_time": "2025-05-11T17:01:21.186Z",
    "user": 1,
    "content_type": 9,
    "object_id": "31",
    "object_repr": "إدارة - الدعم الفني",
    "action_flag": 2,
    "change_message": "[{\"changed\": {\"fields\": [\"\\u0627\\u0644\\u0646\\u0648\\u0639\", \"\\u0646\\u0634\\u0637\"]}}]"
  }
},
{
  "model": "admin.logentry",
  "pk": 142,
  "fields": {
    "action_time": "2025-05-11T17:01:33.042Z",
    "user": 1,
    "content_type": 9,
    "object_id": "23",
    "object_repr": "وحدة - العملاء المميزين",
    "action_flag": 2,
    "change_message": "[{\"changed\": {\"fields\": [\"\\u0646\\u0634\\u0637\"]}}]"
  }
},
{
  "model": "admin.logentry",
  "pk": 143,
  "fields": {
    "action_time": "2025-05-11T17:01:56.427Z",
    "user": 1,
    "content_type": 9,
    "object_id": "18",
    "object_repr": "إدارة - المخزون",
    "action_flag": 2,
    "change_message": "[{\"changed\": {\"fields\": [\"\\u0627\\u0644\\u0646\\u0648\\u0639\", \"\\u0627\\u0644\\u0642\\u0633\\u0645 \\u0627\\u0644\\u0631\\u0626\\u064a\\u0633\\u064a\", \"\\u0627\\u0644\\u062a\\u0631\\u062a\\u064a\\u0628\"]}}]"
  }
},
{
  "model": "admin.logentry",
  "pk": 144,
  "fields": {
    "action_time": "2025-05-11T17:02:14.093Z",
    "user": 1,
    "content_type": 9,
    "object_id": "27",
    "object_repr": "وحدة - المستودعات",
    "action_flag": 2,
    "change_message": "[{\"changed\": {\"fields\": [\"\\u0646\\u0634\\u0637\"]}}]"
  }
},
{
  "model": "admin.logentry",
  "pk": 145,
  "fields": {
    "action_time": "2025-05-11T17:02:19.639Z",
    "user": 1,
    "content_type": 9,
    "object_id": "19",
    "object_repr": "قسم - الموارد البشرية",
    "action_flag": 2,
    "change_message": "[{\"changed\": {\"fields\": [\"\\u0646\\u0634\\u0637\"]}}]"
  }
},
{
  "model": "admin.logentry",
  "pk": 146,
  "fields": {
    "action_time": "2025-05-11T17:02:19.836Z",
    "user": 1,
    "content_type": 9,
    "object_id": "19",
    "object_repr": "قسم - الموارد البشرية",
    "action_flag": 2,
    "change_message": "[]"
  }
},
{
  "model": "admin.logentry",
  "pk": 147,
  "fields": {
    "action_time": "2025-05-11T17:02:35.162Z",
    "user": 1,
    "content_type": 9,
    "object_id": "25",
    "object_repr": "وحدة - جدولة المعاينات",
    "action_flag": 2,
    "change_message": "[{\"changed\": {\"fields\": [\"\\u0646\\u0634\\u0637\"]}}]"
  }
},
{
  "model": "admin.logentry",
  "pk": 148,
  "fields": {
    "action_time": "2025-05-11T17:02:41.209Z",
    "user": 1,
    "content_type": 9,
    "object_id": "12",
    "object_repr": "قسم - مكتب المدير التنفيذي",
    "action_flag": 2,
    "change_message": "[{\"changed\": {\"fields\": [\"\\u0646\\u0634\\u0637\"]}}]"
  }
},
{
  "model": "admin.logentry",
  "pk": 149,
  "fields": {
    "action_time": "2025-05-11T17:04:49.006Z",
    "user": 1,
    "content_type": 9,
    "object_id": "6",
    "object_repr": "إدارة - إدارة المبيعات والتسويق",
    "action_flag": 2,
    "change_message": "[{\"changed\": {\"fields\": [\"\\u0646\\u0634\\u0637\"]}}]"
  }
},
{
  "model": "admin.logentry",
  "pk": 150,
  "fields": {
    "action_time": "2025-05-11T17:04:54.201Z",
    "user": 1,
    "content_type": 9,
    "object_id": "30",
    "object_repr": "وحدة - التدريب والتطوير",
    "action_flag": 2,
    "change_message": "[{\"changed\": {\"fields\": [\"\\u0646\\u0634\\u0637\"]}}]"
  }
},
{
  "model": "admin.logentry",
  "pk": 151,
  "fields": {
    "action_time": "2025-05-11T17:05:01.666Z",
    "user": 1,
    "content_type": 9,
    "object_id": "13",
    "object_repr": "قسم - الشؤون الإدارية",
    "action_flag": 2,
    "change_message": "[{\"changed\": {\"fields\": [\"\\u0646\\u0634\\u0637\"]}}]"
  }
},
{
  "model": "admin.logentry",
  "pk": 152,
  "fields": {
    "action_time": "2025-05-11T17:05:12.090Z",
    "user": 1,
    "content_type": 9,
    "object_id": "20",
    "object_repr": "قسم - الشؤون المالية",
    "action_flag": 2,
    "change_message": "[{\"changed\": {\"fields\": [\"\\u0646\\u0634\\u0637\"]}}]"
  }
},
{
  "model": "admin.logentry",
  "pk": 153,
  "fields": {
    "action_time": "2025-05-11T17:05:35.345Z",
    "user": 1,
    "content_type": 9,
    "object_id": "16",
    "object_repr": "إدارة - الطلبات",
    "action_flag": 2,
    "change_message": "[{\"changed\": {\"fields\": [\"\\u0627\\u0644\\u0646\\u0648\\u0639\", \"\\u0627\\u0644\\u0642\\u0633\\u0645 \\u0627\\u0644\\u0631\\u0626\\u064a\\u0633\\u064a\"]}}]"
  }
},
{
  "model": "admin.logentry",
  "pk": 154,
  "fields": {
    "action_time": "2025-05-11T17:05:42.492Z",
    "user": 1,
    "content_type": 9,
    "object_id": "16",
    "object_repr": "إدارة - الطلبات",
    "action_flag": 2,
    "change_message": "[]"
  }
},
{
  "model": "admin.logentry",
  "pk": 155,
  "fields": {
    "action_time": "2025-05-11T17:05:47.187Z",
    "user": 1,
    "content_type": 9,
    "object_id": "16",
    "object_repr": "إدارة - الطلبات",
    "action_flag": 2,
    "change_message": "[]"
  }
},
{
  "model": "admin.logentry",
  "pk": 156,
  "fields": {
    "action_time": "2025-05-11T17:05:54.658Z",
    "user": 1,
    "content_type": 9,
    "object_id": "28",
    "object_repr": "وحدة - المشتريات",
    "action_flag": 2,
    "change_message": "[{\"changed\": {\"fields\": [\"\\u0646\\u0634\\u0637\"]}}]"
  }
},
{
  "model": "admin.logentry",
  "pk": 157,
  "fields": {
    "action_time": "2025-05-11T17:06:02.404Z",
    "user": 1,
    "content_type": 9,
    "object_id": "26",
    "object_repr": "وحدة - المعاينة الفنية",
    "action_flag": 2,
    "change_message": "[{\"changed\": {\"fields\": [\"\\u0646\\u0634\\u0637\"]}}]"
  }
},
{
  "model": "admin.logentry",
  "pk": 158,
  "fields": {
    "action_time": "2025-05-11T17:06:07.526Z",
    "user": 1,
    "content_type": 9,
    "object_id": "32",
    "object_repr": "وحدة - تطوير الأنظمة",
    "action_flag": 2,
    "change_message": "[{\"changed\": {\"fields\": [\"\\u0646\\u0634\\u0637\"]}}]"
  }
},
{
  "model": "admin.logentry",
  "pk": 159,
  "fields": {
    "action_time": "2025-05-11T17:06:15.267Z",
    "user": 1,
    "content_type": 9,
    "object_id": "24",
    "object_repr": "وحدة - خدمة العملاء",
    "action_flag": 2,
    "change_message": "[{\"changed\": {\"fields\": [\"\\u0646\\u0634\\u0637\"]}}]"
  }
},
{
  "model": "admin.logentry",
  "pk": 160,
  "fields": {
    "action_time": "2025-05-11T17:06:20.344Z",
    "user": 1,
    "content_type": 9,
    "object_id": "10",
    "object_repr": "إدارة - إدارة العمليات",
    "action_flag": 2,
    "change_message": "[{\"changed\": {\"fields\": [\"\\u0646\\u0634\\u0637\"]}}]"
  }
},
{
  "model": "admin.logentry",
  "pk": 161,
  "fields": {
    "action_time": "2025-05-11T17:06:26.686Z",
    "user": 1,
    "content_type": 9,
    "object_id": "17",
    "object_repr": "قسم - التسويق",
    "action_flag": 2,
    "change_message": "[{\"changed\": {\"fields\": [\"\\u0646\\u0634\\u0637\"]}}]"
  }
},
{
  "model": "admin.logentry",
  "pk": 162,
  "fields": {
    "action_time": "2025-05-11T17:06:31.724Z",
    "user": 1,
    "content_type": 9,
    "object_id": "18",
    "object_repr": "إدارة - المخزون",
    "action_flag": 2,
    "change_message": "[]"
  }
},
{
  "model": "admin.logentry",
  "pk": 163,
  "fields": {
    "action_time": "2025-05-11T17:06:40.303Z",
    "user": 1,
    "content_type": 9,
    "object_id": "7",
    "object_repr": "قسم - المعاينات",
    "action_flag": 2,
    "change_message": "[{\"changed\": {\"fields\": [\"\\u0627\\u0644\\u062a\\u0631\\u062a\\u064a\\u0628\"]}}]"
  }
},
{
  "model": "admin.logentry",
  "pk": 164,
  "fields": {
    "action_time": "2025-05-11T17:07:31.367Z",
    "user": 1,
    "content_type": 9,
    "object_id": "7",
    "object_repr": "إدارة - المعاينات",
    "action_flag": 2,
    "change_message": "[{\"changed\": {\"fields\": [\"\\u0627\\u0644\\u0646\\u0648\\u0639\", \"\\u0627\\u0644\\u0642\\u0633\\u0645 \\u0627\\u0644\\u0631\\u0626\\u064a\\u0633\\u064a\"]}}]"
  }
},
{
  "model": "admin.logentry",
  "pk": 165,
  "fields": {
    "action_time": "2025-05-11T17:07:36.474Z",
    "user": 1,
    "content_type": 9,
    "object_id": "21",
    "object_repr": "قسم - تقنية المعلومات",
    "action_flag": 2,
    "change_message": "[{\"changed\": {\"fields\": [\"\\u0646\\u0634\\u0637\"]}}]"
  }
},
{
  "model": "admin.logentry",
  "pk": 166,
  "fields": {
    "action_time": "2025-05-11T17:07:41.979Z",
    "user": 1,
    "content_type": 9,
    "object_id": "14",
    "object_repr": "قسم - قسم الجودة",
    "action_flag": 2,
    "change_message": "[{\"changed\": {\"fields\": [\"\\u0646\\u0634\\u0637\"]}}]"
  }
},
{
  "model": "admin.logentry",
  "pk": 167,
  "fields": {
    "action_time": "2025-05-11T17:07:56.809Z",
    "user": 1,
    "content_type": 9,
    "object_id": "8",
    "object_repr": "إدارة - التركيبات",
    "action_flag": 2,
    "change_message": "[{\"changed\": {\"fields\": [\"\\u0627\\u0644\\u0646\\u0648\\u0639\", \"\\u0627\\u0644\\u0642\\u0633\\u0645 \\u0627\\u0644\\u0631\\u0626\\u064a\\u0633\\u064a\", \"\\u0627\\u0644\\u062a\\u0631\\u062a\\u064a\\u0628\"]}}]"
  }
},
{
  "model": "admin.logentry",
  "pk": 168,
  "fields": {
    "action_time": "2025-05-11T17:08:16.290Z",
    "user": 1,
    "content_type": 9,
    "object_id": "22",
    "object_repr": "إدارة - التقارير",
    "action_flag": 2,
    "change_message": "[{\"changed\": {\"fields\": [\"\\u0627\\u0644\\u0646\\u0648\\u0639\", \"\\u0627\\u0644\\u0642\\u0633\\u0645 \\u0627\\u0644\\u0631\\u0626\\u064a\\u0633\\u064a\", \"\\u0627\\u0644\\u062a\\u0631\\u062a\\u064a\\u0628\"]}}]"
  }
},
{
  "model": "admin.logentry",
  "pk": 169,
  "fields": {
    "action_time": "2025-05-11T17:08:22.512Z",
    "user": 1,
    "content_type": 9,
    "object_id": "11",
    "object_repr": "إدارة - الخدمات المساندة",
    "action_flag": 2,
    "change_message": "[{\"changed\": {\"fields\": [\"\\u0646\\u0634\\u0637\"]}}]"
  }
},
{
  "model": "admin.logentry",
  "pk": 170,
  "fields": {
    "action_time": "2025-05-11T17:15:51.453Z",
    "user": 1,
    "content_type": 9,
    "object_id": "8",
    "object_repr": "قسم - التركيبات",
    "action_flag": 2,
    "change_message": "[{\"changed\": {\"fields\": [\"\\u0627\\u0644\\u0646\\u0648\\u0639\", \"\\u0627\\u0644\\u0642\\u0633\\u0645 \\u0627\\u0644\\u0631\\u0626\\u064a\\u0633\\u064a\"]}}]"
  }
},
{
  "model": "admin.logentry",
  "pk": 171,
  "fields": {
    "action_time": "2025-05-11T17:16:38.891Z",
    "user": 1,
    "content_type": 9,
    "object_id": "15",
    "object_repr": "قسم - العملاء",
    "action_flag": 2,
    "change_message": "[{\"changed\": {\"fields\": [\"\\u0627\\u0644\\u0646\\u0648\\u0639\", \"\\u0627\\u0644\\u0642\\u0633\\u0645 \\u0627\\u0644\\u0631\\u0626\\u064a\\u0633\\u064a\"]}}]"
  }
},
{
  "model": "admin.logentry",
  "pk": 172,
  "fields": {
    "action_time": "2025-05-11T17:17:06.252Z",
    "user": 1,
    "content_type": 9,
    "object_id": "16",
    "object_repr": "قسم - الطلبات",
    "action_flag": 2,
    "change_message": "[{\"changed\": {\"fields\": [\"\\u0627\\u0644\\u0646\\u0648\\u0639\", \"\\u0627\\u0644\\u0642\\u0633\\u0645 \\u0627\\u0644\\u0631\\u0626\\u064a\\u0633\\u064a\"]}}]"
  }
},
{
  "model": "admin.logentry",
  "pk": 173,
  "fields": {
    "action_time": "2025-05-11T17:17:27.331Z",
    "user": 1,
    "content_type": 9,
    "object_id": "7",
    "object_repr": "قسم - المعاينات",
    "action_flag": 2,
    "change_message": "[{\"changed\": {\"fields\": [\"\\u0627\\u0644\\u0646\\u0648\\u0639\", \"\\u0627\\u0644\\u0642\\u0633\\u0645 \\u0627\\u0644\\u0631\\u0626\\u064a\\u0633\\u064a\"]}}]"
  }
},
{
  "model": "admin.logentry",
  "pk": 174,
  "fields": {
    "action_time": "2025-05-11T17:18:30.735Z",
    "user": 1,
    "content_type": 9,
    "object_id": "18",
    "object_repr": "قسم - المخزون",
    "action_flag": 2,
    "change_message": "[{\"changed\": {\"fields\": [\"\\u0627\\u0644\\u0646\\u0648\\u0639\", \"\\u0627\\u0644\\u0642\\u0633\\u0645 \\u0627\\u0644\\u0631\\u0626\\u064a\\u0633\\u064a\"]}}]"
  }
},
{
  "model": "admin.logentry",
  "pk": 175,
  "fields": {
    "action_time": "2025-05-11T17:33:31.060Z",
    "user": 1,
    "content_type": 9,
    "object_id": "41",
    "object_repr": "وحدة - استيراد وتصدير البيانات",
    "action_flag": 3,
    "change_message": ""
  }
},
{
  "model": "admin.logentry",
  "pk": 176,
  "fields": {
    "action_time": "2025-05-11T17:33:31.065Z",
    "user": 1,
    "content_type": 9,
    "object_id": "42",
    "object_repr": "وحدة - النسخ الاحتياطي",
    "action_flag": 3,
    "change_message": ""
  }
},
{
  "model": "admin.logentry",
  "pk": 177,
  "fields": {
    "action_time": "2025-05-11T17:33:31.069Z",
    "user": 1,
    "content_type": 9,
    "object_id": "40",
    "object_repr": "قسم - إدارة البيانات",
    "action_flag": 3,
    "change_message": ""
  }
},
{
  "model": "admin.logentry",
  "pk": 178,
  "fields": {
    "action_time": "2025-05-12T09:33:10.568Z",
    "user": 1,
    "content_type": 77,
    "object_id": "1",
    "object_repr": "نظام الخواجه",
    "action_flag": 2,
    "change_message": "[{\"changed\": {\"fields\": [\"\\u0627\\u0644\\u0639\\u0645\\u0644\\u0629\"]}}]"
  }
},
{
  "model": "accounts.user",
  "pk": 1,
  "fields": {
    "password": "pbkdf2_sha256$600000$5Kw9jpymfShjfuCjrjh3KN$lHZ8CfEsxM7XKb+Dof6mOZZOWFc4ntgUcNELocAAZHY=",
    "last_login": "2025-05-13T15:57:44.638Z",
    "is_superuser": true,
    "username": "admin",
    "first_name": "",
    "last_name": "",
    "email": "",
    "is_staff": true,
    "is_active": true,
    "date_joined": "2025-04-18T15:57:55Z",
    "image": "",
    "phone": "",
    "branch": 1,
    "is_inspection_technician": false,
    "groups": [],
    "user_permissions": [
      57,
      58,
      59,
      60,
      25,
      26,
      27,
      28,
      29,
      30,
      31,
      32,
      61,
      62,
      63,
      64,
      33,
      34,
      35,
      36,
      49,
      50,
      51,
      52,
      65,
      66,
      67,
      68,
      41,
      42,
      43,
      44,
      37,
      38,
      39,
      40,
      253,
      254,
      255,
      256,
      53,
      54,
      55,
      56,
      45,
      46,
      47,
      48,
      21,
      22,
      23,
      24,
      257,
      258,
      259,
      260,
      1,
      2,
      3,
      4,
      9,
      10,
      11,
      12,
      5,
      6,
      7,
      8,
      13,
      14,
      15,
      16,
      69,
      70,
      71,
      72,
      73,
      74,
      75,
      76,
      77,
      78,
      79,
      80,
      237,
      238,
      239,
      240,
      233,
      234,
      235,
      236,
      245,
      246,
      247,
      248,
      241,
      242,
      243,
      244,
      249,
      250,
      251,
      252,
      213,
      214,
      215,
      216,
      217,
      218,
      219,
      220,
      221,
      222,
      223,
      224,
      209,
      210,
      211,
      212,
      205,
      206,
      207,
      208,
      225,
      226,
      227,
      228,
      229,
      230,
      231,
      232,
      93,
      94,
      95,
      96,
      81,
      82,
      83,
      84,
      85,
      86,
      87,
      88,
      89,
      90,
      91,
      92,
      97,
      98,
      99,
      100,
      109,
      110,
      111,
      112,
      105,
      106,
      107,
      108,
      101,
      102,
      103,
      104,
      113,
      114,
      115,
      116,
      117,
      118,
      119,
      120,
      121,
      122,
      123,
      124,
      161,
      162,
      163,
      164,
      125,
      126,
      127,
      128,
      157,
      158,
      159,
      160,
      129,
      130,
      131,
      132,
      153,
      154,
      155,
      156,
      149,
      150,
      151,
      152,
      145,
      146,
      147,
      148,
      165,
      166,
      167,
      168,
      133,
      134,
      135,
      136,
      137,
      138,
      139,
      140,
      141,
      142,
      143,
      144,
      189,
      190,
      191,
      192,
      169,
      170,
      171,
      172,
      185,
      186,
      187,
      188,
      173,
      174,
      175,
      176,
      181,
      182,
      183,
      184,
      177,
      178,
      179,
      180,
      193,
      194,
      195,
      196,
      201,
      202,
      203,
      204,
      197,
      198,
      199,
      200,
      17,
      18,
      19,
      20
    ],
    "departments": []
  }
},
{
  "model": "accounts.user",
  "pk": 2,
  "fields": {
    "password": "pbkdf2_sha256$260000$5ujKKci1C36566WB5ojkES$1ftT7GfGgto7CqnwExRe3jg9wCwOIpu0BwevpUcQ1ds=",
    "last_login": "2025-04-19T09:39:53Z",
    "is_superuser": true,
    "username": "zakee",
    "first_name": "",
    "last_name": "",
    "email": "",
    "is_staff": true,
    "is_active": true,
    "date_joined": "2025-04-18T16:43:42Z",
    "image": "",
    "phone": "",
    "branch": null,
    "is_inspection_technician": true,
    "groups": [],
    "user_permissions": [
      57,
      58,
      59,
      60,
      25,
      26,
      27,
      28,
      29,
      30,
      31,
      32,
      61,
      62,
      63,
      64,
      33,
      34,
      35,
      36,
      49,
      50,
      51,
      52,
      65,
      66,
      67,
      68,
      41,
      42,
      43,
      44,
      37,
      38,
      39,
      40,
      253,
      254,
      255,
      256,
      53,
      54,
      55,
      56,
      45,
      46,
      47,
      48,
      21,
      22,
      23,
      24,
      257,
      258,
      259,
      260,
      1,
      2,
      3,
      4,
      9,
      10,
      11,
      12,
      5,
      6,
      7,
      8,
      13,
      14,
      15,
      16,
      69,
      70,
      71,
      72,
      73,
      74,
      75,
      76,
      77,
      78,
      79,
      80,
      237,
      238,
      239,
      240,
      233,
      234,
      235,
      236,
      245,
      246,
      247,
      248,
      241,
      242,
      243,
      244,
      249,
      250,
      251,
      252,
      213,
      214,
      215,
      216,
      217,
      218,
      219,
      220,
      221,
      222,
      223,
      224,
      209,
      210,
      211,
      212,
      205,
      206,
      207,
      208,
      225,
      226,
      227,
      228,
      229,
      230,
      231,
      232,
      93,
      94,
      95,
      96,
      81,
      82,
      83,
      84,
      85,
      86,
      87,
      88,
      89,
      90,
      91,
      92,
      97,
      98,
      99,
      100,
      109,
      110,
      111,
      112,
      105,
      106,
      107,
      108,
      101,
      102,
      103,
      104,
      113,
      114,
      115,
      116,
      117,
      118,
      119,
      120,
      121,
      122,
      123,
      124,
      161,
      162,
      163,
      164,
      125,
      126,
      127,
      128,
      157,
      158,
      159,
      160,
      129,
      130,
      131,
      132,
      153,
      154,
      155,
      156,
      149,
      150,
      151,
      152,
      145,
      146,
      147,
      148,
      165,
      166,
      167,
      168,
      133,
      134,
      135,
      136,
      137,
      138,
      139,
      140,
      141,
      142,
      143,
      144,
      189,
      190,
      191,
      192,
      169,
      170,
      171,
      172,
      185,
      186,
      187,
      188,
      173,
      174,
      175,
      176,
      181,
      182,
      183,
      184,
      177,
      178,
      179,
      180,
      193,
      194,
      195,
      196,
      201,
      202,
      203,
      204,
      197,
      198,
      199,
      200,
      17,
      18,
      19,
      20
    ],
    "departments": []
  }
},
{
  "model": "accounts.user",
  "pk": 3,
  "fields": {
    "password": "pbkdf2_sha256$260000$IAWTlaQ3QDRQfmsJoxsKeT$nooPEB5X3Rjn+mtfj1gB3QzacZluD8Rg3XVcH1tj1Js=",
    "last_login": "2025-04-19T10:28:11Z",
    "is_superuser": false,
    "username": "Amer",
    "first_name": "Mohamed",
    "last_name": "Amer",
    "email": "openair@elkhawaga.com",
    "is_staff": false,
    "is_active": true,
    "date_joined": "2025-04-19T09:25:11Z",
    "image": "",
    "phone": "01212888463",
    "branch": null,
    "is_inspection_technician": false,
    "groups": [],
    "user_permissions": [],
    "departments": []
  }
},
{
  "model": "accounts.user",
  "pk": 4,
  "fields": {
    "password": "pbkdf2_sha256$260000$cKyqHrDxN9oVByWPZ5vrJk$C50UZQzIGahopnEKrZrVPYZQ00jasx5T3GAtevLAoE8=",
    "last_login": "2025-04-19T10:00:26Z",
    "is_superuser": false,
    "username": "Reda",
    "first_name": "Reda",
    "last_name": "Reda",
    "email": "openair@elkhawaga.com",
    "is_staff": false,
    "is_active": true,
    "date_joined": "2025-04-19T09:47:24Z",
    "image": "",
    "phone": "01212888463",
    "branch": null,
    "is_inspection_technician": false,
    "groups": [],
    "user_permissions": [],
    "departments": []
  }
},
{
  "model": "accounts.user",
  "pk": 5,
  "fields": {
    "password": "pbkdf2_sha256$260000$EftRPi9sWk4mjCSJjh1UIP$pL1qkka4m12rFzf6movhnl/NUEetBvGJ2k7NygWjOgU=",
    "last_login": "2025-04-24T10:54:24Z",
    "is_superuser": false,
    "username": "Eman",
    "first_name": "Eman",
    "last_name": "",
    "email": "info@elkhawaga.com",
    "is_staff": false,
    "is_active": true,
    "date_joined": "2025-04-24T09:04:10Z",
    "image": "",
    "phone": "",
    "branch": 1,
    "is_inspection_technician": false,
    "groups": [],
    "user_permissions": [],
    "departments": []
  }
},
{
  "model": "accounts.user",
  "pk": 6,
  "fields": {
    "password": "pbkdf2_sha256$260000$wHnviDkKrdnyADTtFUflv8$p5CreDeWeJ3HVsMVaw3M9BPh+Rr/vuNlpKZJCyRR7AI=",
    "last_login": "2025-04-24T11:29:13Z",
    "is_superuser": false,
    "username": "Aishaa",
    "first_name": "Aishaa",
    "last_name": "",
    "email": "info@elkhawaga.com",
    "is_staff": false,
    "is_active": true,
    "date_joined": "2025-04-24T09:08:52Z",
    "image": "",
    "phone": "",
    "branch": 1,
    "is_inspection_technician": true,
    "groups": [],
    "user_permissions": [],
    "departments": []
  }
},
{
  "model": "accounts.user",
  "pk": 7,
  "fields": {
    "password": "pbkdf2_sha256$260000$NCo9OyD3YdgwMtsKjJi7jl$wDn3BXSwBTuYguFKLea10J9hNvQrh59ZehVs26PlKuI=",
    "last_login": null,
    "is_superuser": false,
    "username": "m.sadek",
    "first_name": "",
    "last_name": "",
    "email": "",
    "is_staff": false,
    "is_active": true,
    "date_joined": "2025-04-27T12:24:45Z",
    "image": "",
    "phone": "",
    "branch": null,
    "is_inspection_technician": true,
    "groups": [],
    "user_permissions": [],
    "departments": []
  }
},
{
  "model": "accounts.user",
  "pk": 8,
  "fields": {
    "password": "pbkdf2_sha256$260000$7Hwyp8dkwP9ArjmZK8bIZe$CJV76aP3fURJm71ROvPrAhvdE4cehkrfCdLGYzqbW8o=",
    "last_login": null,
    "is_superuser": false,
    "username": "imad.ayed",
    "first_name": "",
    "last_name": "",
    "email": "",
    "is_staff": false,
    "is_active": true,
    "date_joined": "2025-04-27T12:25:12Z",
    "image": "",
    "phone": "",
    "branch": null,
    "is_inspection_technician": true,
    "groups": [],
    "user_permissions": [],
    "departments": []
  }
},
{
  "model": "accounts.user",
  "pk": 9,
  "fields": {
    "password": "pbkdf2_sha256$260000$47h3rCDJ7QjCjsCmTorlAO$X95pLePZ0H8uW2LdWVWHDNjKmkJcOpvgFIzf9AT2jPY=",
    "last_login": null,
    "is_superuser": false,
    "username": "aziz",
    "first_name": "",
    "last_name": "",
    "email": "",
    "is_staff": false,
    "is_active": true,
    "date_joined": "2025-04-27T12:25:32Z",
    "image": "",
    "phone": "",
    "branch": null,
    "is_inspection_technician": true,
    "groups": [],
    "user_permissions": [],
    "departments": []
  }
},
{
  "model": "accounts.user",
  "pk": 10,
  "fields": {
    "password": "pbkdf2_sha256$260000$2GWDW20qow03VnXlWKgUoh$E4UEoqZqJiqTvaFmYfJTzcTdR1QrPcUCOlztD1r/0Bw=",
    "last_login": null,
    "is_superuser": false,
    "username": "mourad.mahros",
    "first_name": "",
    "last_name": "",
    "email": "",
    "is_staff": false,
    "is_active": true,
    "date_joined": "2025-04-27T12:25:59Z",
    "image": "",
    "phone": "",
    "branch": null,
    "is_inspection_technician": true,
    "groups": [],
    "user_permissions": [],
    "departments": []
  }
},
{
  "model": "accounts.user",
  "pk": 11,
  "fields": {
    "password": "pbkdf2_sha256$260000$sV36wmPJWPNOY9UDiCa5Ax$E1ARSRmLcHIXDrxxLSlt53npWh7gu86ASAsJUx1Jdhc=",
    "last_login": null,
    "is_superuser": false,
    "username": "abanoub",
    "first_name": "",
    "last_name": "",
    "email": "",
    "is_staff": false,
    "is_active": true,
    "date_joined": "2025-04-27T12:26:15Z",
    "image": "",
    "phone": "",
    "branch": null,
    "is_inspection_technician": true,
    "groups": [],
    "user_permissions": [],
    "departments": []
  }
},
{
  "model": "accounts.user",
  "pk": 12,
  "fields": {
    "password": "pbkdf2_sha256$260000$chOSMXv3KRVFi53BkyqxCz$mapf8cVbVGubIArwtV7BRwaTvXW2HxtygdP8a+5t4Zo=",
    "last_login": null,
    "is_superuser": false,
    "username": "ahmad.omar",
    "first_name": "",
    "last_name": "",
    "email": "",
    "is_staff": false,
    "is_active": true,
    "date_joined": "2025-04-27T12:26:32Z",
    "image": "",
    "phone": "",
    "branch": null,
    "is_inspection_technician": true,
    "groups": [],
    "user_permissions": [],
    "departments": []
  }
},
{
  "model": "accounts.branch",
  "pk": 1,
  "fields": {
    "code": "01",
    "name": "الادارة",
    "address": null,
    "phone": "",
    "email": null,
    "is_main_branch": true,
    "is_active": true
  }
},
{
  "model": "accounts.branch",
  "pk": 2,
  "fields": {
    "code": "14",
    "name": "Open Air",
    "address": "مدينتي - اوبن اير مول",
    "phone": "01212888463",
    "email": "openair@elkhawaga.com",
    "is_main_branch": false,
    "is_active": true
  }
},
{
  "model": "accounts.branch",
  "pk": 3,
  "fields": {
    "code": "RYD",
    "name": "فرع الرياض",
    "address": "الرياض - شارع العليا",
    "phone": null,
    "email": null,
    "is_main_branch": false,
    "is_active": true
  }
},
{
  "model": "accounts.department",
  "pk": 33,
  "fields": {
    "name": "العملاء",
    "code": "العملاء",
    "department_type": "department",
    "description": null,
    "icon": "fas fa-users",
    "url_name": "customers:customer_list",
    "is_active": true,
    "order": 1,
    "parent": null,
    "has_pages": false,
    "manager": null
  }
},
{
  "model": "accounts.department",
  "pk": 34,
  "fields": {
    "name": "الطلبات",
    "code": "الطلبات",
    "department_type": "department",
    "description": null,
    "icon": "fas fa-shopping-cart",
    "url_name": "orders:order_list",
    "is_active": true,
    "order": 2,
    "parent": null,
    "has_pages": false,
    "manager": null
  }
},
{
  "model": "accounts.department",
  "pk": 35,
  "fields": {
    "name": "المعاينات",
    "code": "المعاينات",
    "department_type": "department",
    "description": null,
    "icon": "fas fa-clipboard-check",
    "url_name": "inspections:inspection_list",
    "is_active": true,
    "order": 3,
    "parent": null,
    "has_pages": false,
    "manager": null
  }
},
{
  "model": "accounts.department",
  "pk": 36,
  "fields": {
    "name": "المخزون",
    "code": "inventory",
    "department_type": "department",
    "description": null,
    "icon": "fas fa-boxes",
    "url_name": "inventory:dashboard",
    "is_active": true,
    "order": 4,
    "parent": null,
    "has_pages": false,
    "manager": null
  }
},
{
  "model": "accounts.department",
  "pk": 37,
  "fields": {
    "name": "التركيبات",
    "code": "التركيبات",
    "department_type": "department",
    "description": null,
    "icon": "fas fa-tools",
    "url_name": "installations:installation_list",
    "is_active": true,
    "order": 5,
    "parent": null,
    "has_pages": false,
    "manager": null
  }
},
{
  "model": "accounts.department",
  "pk": 38,
  "fields": {
    "name": "المصنع",
    "code": "المصنع",
    "department_type": "department",
    "description": null,
    "icon": "fas fa-industry",
    "url_name": "factory:factory_list",
    "is_active": true,
    "order": 6,
    "parent": null,
    "has_pages": false,
    "manager": null
  }
},
{
  "model": "accounts.department",
  "pk": 39,
  "fields": {
    "name": "التقارير",
    "code": "التقارير",
    "department_type": "department",
    "description": null,
    "icon": "fas fa-chart-bar",
    "url_name": "reports:dashboard",
    "is_active": true,
    "order": 7,
    "parent": null,
    "has_pages": false,
    "manager": null
  }
},
{
  "model": "accounts.companyinfo",
  "pk": 1,
  "fields": {
    "version": "1.0.0",
    "release_date": "2025-04-30",
    "developer": "zakee tahawi",
    "working_hours": "",
    "name": "Elkhawaga",
    "copyright_text": "جميع الحقوق محفوظة لشركة الخواجة للستائر والمفروشات تطوير zakee tahawi",
    "logo": "",
    "address": null,
    "phone": null,
    "email": null,
    "tax_number": null,
    "commercial_register": null,
    "website": null,
    "social_links": null,
    "description": null,
    "facebook": null,
    "twitter": null,
    "instagram": null,
    "linkedin": null,
    "about": null,
    "vision": null,
    "mission": null,
    "primary_color": null,
    "secondary_color": null,
    "accent_color": null
  }
},
{
  "model": "accounts.salesperson",
  "pk": 1,
  "fields": {
    "name": "zakee tahawi",
    "employee_number": "268",
    "branch": 1,
    "phone": "01119238775",
    "email": null,
    "address": "cairo",
    "is_active": true,
    "notes": "",
    "created_at": "2025-05-03T15:52:43.869Z",
    "updated_at": "2025-05-03T15:52:43.869Z"
  }
},
{
  "model": "accounts.contactformsettings",
  "pk": 1,
  "fields": {
    "title": "اتصل بنا",
    "description": null,
    "company_name": "Elkhawaga",
    "contact_email": "info@elkhawaga.com",
    "contact_phone": "+20 123 456 7890",
    "contact_address": "مدينة نصر",
    "contact_hours": "9 صباحاً - 5 مساءً",
    "form_title": "نموذج الاتصال",
    "form_success_message": "تم إرسال رسالتك بنجاح. سنتواصل معك قريباً.",
    "form_error_message": "يرجى ملء جميع الحقول المطلوبة."
  }
},
{
  "model": "accounts.footersettings",
  "pk": 1,
  "fields": {
    "left_column_title": "Elkhawaga",
    "left_column_text": "نظام متكامل لإدارة العملاء والمبيعات والإنتاج والمخزون",
    "middle_column_title": "روابط سريعة",
    "right_column_title": "تواصل معنا"
  }
},
{
  "model": "accounts.aboutpagesettings",
  "pk": 1,
  "fields": {
    "title": "عن النظام",
    "subtitle": "نظام إدارة المصنع والعملاء",
    "system_version": "1.0.0",
    "system_release_date": "2025-04-30",
    "system_developer": "zakee tahawi",
    "system_description": "نظام متكامل لإدارة العملاء والمبيعات والإنتاج والمخزون"
  }
},
{
  "model": "accounts.role",
  "pk": 1,
  "fields": {
    "name": "مدير النظام",
    "description": "الصلاحيات الكاملة على النظام",
    "is_system_role": true,
    "created_at": "2025-05-05T11:21:25.630Z",
    "updated_at": "2025-05-05T11:21:25.630Z",
    "permissions": [
      57,
      58,
      59,
      60,
      25,
      26,
      27,
      28,
      29,
      30,
      31,
      32,
      61,
      62,
      63,
      64,
      33,
      34,
      35,
      36,
      49,
      50,
      51,
      52,
      65,
      66,
      67,
      68,
      41,
      42,
      43,
      44,
      37,
      38,
      39,
      40,
      253,
      254,
      255,
      256,
      53,
      54,
      55,
      56,
      45,
      46,
      47,
      48,
      21,
      22,
      23,
      24,
      257,
      258,
      259,
      260,
      1,
      2,
      3,
      4,
      9,
      10,
      11,
      12,
      5,
      6,
      7,
      8,
      13,
      14,
      15,
      16,
      69,
      70,
      71,
      72,
      73,
      74,
      75,
      76,
      77,
      78,
      79,
      80,
      237,
      238,
      239,
      240,
      233,
      234,
      235,
      236,
      245,
      246,
      247,
      248,
      241,
      242,
      243,
      244,
      249,
      250,
      251,
      252,
      213,
      214,
      215,
      216,
      217,
      218,
      219,
      220,
      221,
      222,
      223,
      224,
      209,
      210,
      211,
      212,
      205,
      206,
      207,
      208,
      225,
      226,
      227,
      228,
      229,
      230,
      231,
      232,
      93,
      94,
      95,
      96,
      81,
      82,
      83,
      84,
      85,
      86,
      87,
      88,
      89,
      90,
      91,
      92,
      97,
      98,
      99,
      100,
      109,
      110,
      111,
      112,
      105,
      106,
      107,
      108,
      101,
      102,
      103,
      104,
      113,
      114,
      115,
      116,
      117,
      118,
      119,
      120,
      121,
      122,
      123,
      124,
      161,
      162,
      163,
      164,
      125,
      126,
      127,
      128,
      157,
      158,
      159,
      160,
      129,
      130,
      131,
      132,
      153,
      154,
      155,
      156,
      149,
      150,
      151,
      152,
      145,
      146,
      147,
      148,
      165,
      166,
      167,
      168,
      133,
      134,
      135,
      136,
      137,
      138,
      139,
      140,
      141,
      142,
      143,
      144,
      189,
      190,
      191,
      192,
      169,
      170,
      171,
      172,
      185,
      186,
      187,
      188,
      173,
      174,
      175,
      176,
      181,
      182,
      183,
      184,
      177,
      178,
      179,
      180,
      193,
      194,
      195,
      196,
      201,
      202,
      203,
      204,
      197,
      198,
      199,
      200,
      17,
      18,
      19,
      20
    ]
  }
},
{
  "model": "accounts.role",
  "pk": 2,
  "fields": {
    "name": "مدير",
    "description": "صلاحيات إدارية على معظم الميزات",
    "is_system_role": true,
    "created_at": "2025-05-05T11:21:25.640Z",
    "updated_at": "2025-05-05T11:21:25.640Z",
    "permissions": [
      57,
      58,
      60,
      25,
      26,
      28,
      29,
      30,
      32,
      61,
      62,
      64,
      33,
      34,
      36,
      49,
      50,
      52,
      65,
      66,
      68,
      41,
      42,
      44,
      37,
      38,
      40,
      253,
      254,
      256,
      53,
      54,
      56,
      45,
      46,
      48,
      21,
      22,
      24,
      257,
      258,
      260,
      9,
      10,
      12,
      5,
      6,
      8,
      69,
      70,
      72,
      73,
      74,
      76,
      77,
      78,
      80,
      237,
      238,
      240,
      233,
      234,
      236,
      245,
      246,
      248,
      241,
      242,
      244,
      249,
      250,
      252,
      213,
      214,
      216,
      217,
      218,
      220,
      221,
      222,
      224,
      209,
      210,
      212,
      205,
      206,
      208,
      225,
      226,
      228,
      229,
      230,
      232,
      93,
      94,
      96,
      81,
      82,
      84,
      85,
      86,
      88,
      89,
      90,
      92,
      97,
      98,
      100,
      109,
      110,
      112,
      105,
      106,
      108,
      101,
      102,
      104,
      113,
      114,
      116,
      117,
      118,
      120,
      121,
      122,
      124,
      161,
      162,
      164,
      125,
      126,
      128,
      157,
      158,
      160,
      129,
      130,
      132,
      153,
      154,
      156,
      149,
      150,
      152,
      145,
      146,
      148,
      165,
      166,
      168,
      133,
      134,
      136,
      137,
      138,
      140,
      141,
      142,
      144,
      189,
      190,
      192,
      169,
      170,
      172,
      185,
      186,
      188,
      173,
      174,
      176,
      181,
      182,
      184,
      177,
      178,
      180,
      193,
      194,
      196,
      201,
      202,
      204,
      197,
      198,
      200
    ]
  }
},
{
  "model": "accounts.role",
  "pk": 3,
  "fields": {
    "name": "مدير مبيعات",
    "description": "صلاحيات على المبيعات والعملاء",
    "is_system_role": true,
    "created_at": "2025-05-05T11:21:25.643Z",
    "updated_at": "2025-05-05T11:21:25.643Z",
    "permissions": [
      33,
      34,
      35,
      36,
      69,
      70,
      71,
      72,
      73,
      74,
      75,
      76,
      77,
      78,
      79,
      80,
      189,
      190,
      191,
      192,
      169,
      170,
      171,
      172,
      185,
      186,
      187,
      188,
      173,
      174,
      175,
      176,
      181,
      182,
      183,
      184,
      177,
      178,
      179,
      180
    ]
  }
},
{
  "model": "accounts.role",
  "pk": 4,
  "fields": {
    "name": "فني معاينة",
    "description": "صلاحيات تتعلق بالمعاينات",
    "is_system_role": true,
    "created_at": "2025-05-05T11:21:25.647Z",
    "updated_at": "2025-05-05T11:21:25.647Z",
    "permissions": [
      97,
      98,
      100,
      109,
      110,
      112,
      105,
      106,
      108,
      101,
      102,
      104
    ]
  }
},
{
  "model": "accounts.role",
  "pk": 5,
  "fields": {
    "name": "فني تركيب",
    "description": "صلاحيات تتعلق بالتركيبات",
    "is_system_role": true,
    "created_at": "2025-05-05T11:21:25.652Z",
    "updated_at": "2025-05-05T11:21:25.652Z",
    "permissions": [
      113,
      114,
      116,
      117,
      118,
      120
    ]
  }
},
{
  "model": "accounts.role",
  "pk": 6,
  "fields": {
    "name": "مسؤول المخزون",
    "description": "صلاحيات على المخزون والمنتجات",
    "is_system_role": true,
    "created_at": "2025-05-05T11:21:25.656Z",
    "updated_at": "2025-05-05T11:21:25.656Z",
    "permissions": [
      121,
      122,
      123,
      124,
      161,
      162,
      163,
      164,
      125,
      126,
      127,
      128,
      157,
      158,
      159,
      160,
      129,
      130,
      131,
      132,
      153,
      154,
      155,
      156,
      149,
      150,
      151,
      152,
      145,
      146,
      147,
      148,
      165,
      166,
      167,
      168,
      133,
      134,
      135,
      136,
      137,
      138,
      139,
      140,
      141,
      142,
      143,
      144
    ]
  }
},
{
  "model": "accounts.role",
  "pk": 7,
  "fields": {
    "name": "مسؤول المصنع",
    "description": "صلاحيات على المصنع والإنتاج",
    "is_system_role": true,
    "created_at": "2025-05-05T11:21:25.664Z",
    "updated_at": "2025-05-05T11:21:25.664Z",
    "permissions": [
      93,
      94,
      95,
      96,
      81,
      82,
      83,
      84,
      85,
      86,
      87,
      88,
      89,
      90,
      91,
      92
    ]
  }
},
{
  "model": "accounts.role",
  "pk": 8,
  "fields": {
    "name": "موظف مبيعات",
    "description": "صلاحيات محدودة للعمل على المبيعات",
    "is_system_role": true,
    "created_at": "2025-05-05T11:21:25.672Z",
    "updated_at": "2025-05-05T11:21:25.672Z",
    "permissions": [
      69,
      72,
      73,
      76,
      77,
      80,
      189,
      192,
      169,
      172,
      185,
      188,
      173,
      176,
      181,
      184,
      177,
      180
    ]
  }
},
{
  "model": "accounts.userrole",
  "pk": 1,
  "fields": {
    "user": 2,
    "role": 1,
    "assigned_at": "2025-05-05T11:21:25.848Z"
  }
},
{
  "model": "accounts.userrole",
  "pk": 2,
  "fields": {
    "user": 1,
    "role": 1,
    "assigned_at": "2025-05-05T11:21:26.421Z"
  }
},
{
  "model": "accounts.systemsettings",
  "pk": 1,
  "fields": {
    "name": "نظام الخواجه",
    "currency": "EGP",
    "version": "1.0.0",
    "enable_notifications": true,
    "enable_email_notifications": false,
    "items_per_page": 20,
    "low_stock_threshold": 20,
    "enable_analytics": true,
    "maintenance_mode": false,
    "maintenance_message": "",
    "created_at": "2025-05-12T09:29:41.456Z",
    "updated_at": "2025-05-12T09:33:10.566Z"
  }
},
{
  "model": "customers.customer",
  "pk": 1,
  "fields": {
    "code": "01-0017",
    "image": "",
    "category": null,
    "customer_type": "retail",
    "name": "zakee tahawi",
    "branch": 1,
    "phone": "01119238775",
    "email": null,
    "address": "cairo",
    "status": "active",
    "notes": "",
    "created_by": 1,
    "created_at": "2025-05-13T13:53:05.827Z",
    "updated_at": "2025-05-13T13:53:05.827Z"
  }
},
{
  "model": "customers.customer",
  "pk": 2,
  "fields": {
    "code": "01-0001",
    "image": "",
    "category": null,
    "customer_type": "retail",
    "name": "اختبار 1",
    "branch": 1,
    "phone": "1",
    "email": null,
    "address": "مدينتي (b12) (G 125 )\r\nعماره (30) \r\n الدور (5)",
    "status": "active",
    "notes": "ارفاق كرتلات مع المعاينه (KATTY LINEN)\r\nDOS (3015)\r\nDOS (3014)",
    "created_by": 6,
    "created_at": "2025-04-24T07:48:51Z",
    "updated_at": "2025-05-04T14:18:50.941Z"
  }
},
{
  "model": "customers.customer",
  "pk": 7,
  "fields": {
    "code": "01-0006",
    "image": "",
    "category": null,
    "customer_type": "retail",
    "name": "رشا رفيقه اخضار",
    "branch": 1,
    "phone": "01055332259",
    "email": null,
    "address": "مدينتي (b12) (G 125 )\r\nعماره (30) \r\n الدور (5)",
    "status": "active",
    "notes": "ارفاق كرتلات مع المعاينه (KATTY LINEN)\r\nDOS (3015)\r\nDOS (3014)",
    "created_by": 6,
    "created_at": "2025-05-04T14:18:50.932Z",
    "updated_at": "2025-05-04T14:18:50.932Z"
  }
},
{
  "model": "customers.customer",
  "pk": 8,
  "fields": {
    "code": "01-0007",
    "image": "",
    "category": null,
    "customer_type": "retail",
    "name": "رامي ابو العنين",
    "branch": 1,
    "phone": "1096805047",
    "email": null,
    "address": "الرحاب",
    "status": "active",
    "notes": "الساعه 12",
    "created_by": 6,
    "created_at": "2025-05-04T14:18:50.924Z",
    "updated_at": "2025-05-04T14:18:50.925Z"
  }
},
{
  "model": "customers.customer",
  "pk": 10,
  "fields": {
    "code": "01-0009",
    "image": "",
    "category": null,
    "customer_type": "retail",
    "name": "ايمان جمال حامد",
    "branch": 1,
    "phone": "01146072669/01060376",
    "email": null,
    "address": "العبور",
    "status": "active",
    "notes": "",
    "created_by": 6,
    "created_at": "2025-05-04T14:18:50.918Z",
    "updated_at": "2025-05-04T14:18:50.918Z"
  }
},
{
  "model": "customers.customer",
  "pk": 11,
  "fields": {
    "code": "01-0010",
    "image": "",
    "category": null,
    "customer_type": "retail",
    "name": "محمود محمد احمد",
    "branch": 1,
    "phone": "01019513360/01095261",
    "email": null,
    "address": "العاصمه الاداريه",
    "status": "active",
    "notes": "التواصل قبل المعاد بساعتين على الاقل",
    "created_by": 6,
    "created_at": "2025-05-04T14:18:50.909Z",
    "updated_at": "2025-05-04T14:18:50.909Z"
  }
},
{
  "model": "customers.customer",
  "pk": 12,
  "fields": {
    "code": "01-0011",
    "image": "",
    "category": null,
    "customer_type": "retail",
    "name": "ياسمين صبحي ابراهيم",
    "branch": 1,
    "phone": "1070004144",
    "email": null,
    "address": "مدينتي",
    "status": "active",
    "notes": "",
    "created_by": 6,
    "created_at": "2025-05-04T14:18:50.903Z",
    "updated_at": "2025-05-04T14:18:50.903Z"
  }
},
{
  "model": "customers.customer",
  "pk": 13,
  "fields": {
    "code": "01-0012",
    "image": "",
    "category": null,
    "customer_type": "retail",
    "name": "عبدالرحمن حسام الدين",
    "branch": 1,
    "phone": "01090552242/01005742",
    "email": null,
    "address": "حدائق اكتوبر",
    "status": "active",
    "notes": "الساعه 3.5",
    "created_by": 6,
    "created_at": "2025-05-04T14:18:50.894Z",
    "updated_at": "2025-05-04T14:18:50.894Z"
  }
},
{
  "model": "customers.customer",
  "pk": 14,
  "fields": {
    "code": "01-0013",
    "image": "",
    "category": null,
    "customer_type": "retail",
    "name": "باسم صبحي راضون",
    "branch": 1,
    "phone": "01114479757/01015949",
    "email": null,
    "address": "اكتوبر سكن مصر",
    "status": "active",
    "notes": "الساعه 6",
    "created_by": 6,
    "created_at": "2025-05-04T14:18:50.888Z",
    "updated_at": "2025-05-04T14:18:50.888Z"
  }
},
{
  "model": "customers.customer",
  "pk": 15,
  "fields": {
    "code": "01-0014",
    "image": "",
    "category": null,
    "customer_type": "retail",
    "name": "احمد صالح رمضان",
    "branch": 1,
    "phone": "1220221222/010011327",
    "email": null,
    "address": "مدينتي",
    "status": "active",
    "notes": "فيلا 3 ادوار",
    "created_by": 6,
    "created_at": "2025-05-04T14:18:50.881Z",
    "updated_at": "2025-05-04T14:18:50.881Z"
  }
},
{
  "model": "customers.customer",
  "pk": 16,
  "fields": {
    "code": "01-0015",
    "image": "",
    "category": null,
    "customer_type": "retail",
    "name": "محمد اسامه",
    "branch": 1,
    "phone": "1111717582",
    "email": null,
    "address": "مدينتي",
    "status": "active",
    "notes": "الساعه 5",
    "created_by": 6,
    "created_at": "2025-05-04T14:18:50.873Z",
    "updated_at": "2025-05-04T14:18:50.873Z"
  }
},
{
  "model": "customers.customer",
  "pk": 17,
  "fields": {
    "code": "01-0016",
    "image": "",
    "category": null,
    "customer_type": "retail",
    "name": "محمد سلطان المطيري",
    "branch": 1,
    "phone": "1099866660",
    "email": null,
    "address": "الجيزه",
    "status": "active",
    "notes": "الساعه 12",
    "created_by": 6,
    "created_at": "2025-05-04T14:18:50.865Z",
    "updated_at": "2025-05-04T14:18:50.865Z"
  }
},
{
  "model": "django_apscheduler.djangojob",
  "pk": "auto_backup",
  "fields": {
    "next_run_time": "2025-05-13T23:00:00Z",
    "job_state": "gAWVGgQAAAAAAAB9lCiMB3ZlcnNpb26USwGMAmlklIwLYXV0b19iYWNrdXCUjARmdW5jlIwlZGF0YV9iYWNrdXAuc2NoZWR1bGVyOmF1dG9fYmFja3VwX2pvYpSMB3RyaWdnZXKUjBlhcHNjaGVkdWxlci50cmlnZ2Vycy5jcm9ulIwLQ3JvblRyaWdnZXKUk5QpgZR9lChoAUsCjAh0aW1lem9uZZSMCGJ1aWx0aW5zlIwHZ2V0YXR0cpSTlIwIem9uZWluZm+UjAhab25lSW5mb5STlIwJX3VucGlja2xllIaUUpSMDEFmcmljYS9DYWlyb5RLAYaUUpSMCnN0YXJ0X2RhdGWUTowIZW5kX2RhdGWUTowGZmllbGRzlF2UKIwgYXBzY2hlZHVsZXIudHJpZ2dlcnMuY3Jvbi5maWVsZHOUjAlCYXNlRmllbGSUk5QpgZR9lCiMBG5hbWWUjAR5ZWFylIwKaXNfZGVmYXVsdJSIjAtleHByZXNzaW9uc5RdlIwlYXBzY2hlZHVsZXIudHJpZ2dlcnMuY3Jvbi5leHByZXNzaW9uc5SMDUFsbEV4cHJlc3Npb26Uk5QpgZR9lIwEc3RlcJROc2JhdWJoHYwKTW9udGhGaWVsZJSTlCmBlH2UKGgijAVtb250aJRoJIhoJV2UaCkpgZR9lGgsTnNiYXViaB2MD0RheU9mTW9udGhGaWVsZJSTlCmBlH2UKGgijANkYXmUaCSIaCVdlGgpKYGUfZRoLE5zYmF1YmgdjAlXZWVrRmllbGSUk5QpgZR9lChoIowEd2Vla5RoJIhoJV2UaCkpgZR9lGgsTnNiYXViaB2MDkRheU9mV2Vla0ZpZWxklJOUKYGUfZQoaCKMC2RheV9vZl93ZWVrlGgkiGglXZRoKSmBlH2UaCxOc2JhdWJoHymBlH2UKGgijARob3VylGgkiWglXZRoJ4wPUmFuZ2VFeHByZXNzaW9ulJOUKYGUfZQoaCxOjAVmaXJzdJRLAowEbGFzdJRLAnViYXViaB8pgZR9lChoIowGbWludXRllGgkiWglXZRoUimBlH2UKGgsTmhVSwBoVksAdWJhdWJoHymBlH2UKGgijAZzZWNvbmSUaCSIaCVdlGhSKYGUfZQoaCxOaFVLAGhWSwB1YmF1YmWMBmppdHRlcpROdWKMCGV4ZWN1dG9ylIwHZGVmYXVsdJSMBGFyZ3OUKYwGa3dhcmdzlH2UaCKMD2F1dG9fYmFja3VwX2pvYpSMEm1pc2ZpcmVfZ3JhY2VfdGltZZRLAYwIY29hbGVzY2WUiIwNbWF4X2luc3RhbmNlc5RLAYwNbmV4dF9ydW5fdGltZZSMCGRhdGV0aW1llIwIZGF0ZXRpbWWUk5RDCgfpBQ4CAAAAAACUaBiGlFKUdS4="
  }
},
{
  "model": "django_apscheduler.djangojob",
  "pk": "delete_old_job_executions",
  "fields": {
    "next_run_time": "2025-05-18T21:00:00Z",
    "job_state": "gAWVRgQAAAAAAAB9lCiMB3ZlcnNpb26USwGMAmlklIwZZGVsZXRlX29sZF9qb2JfZXhlY3V0aW9uc5SMBGZ1bmOUjC9kYXRhX2JhY2t1cC5zY2hlZHVsZXI6ZGVsZXRlX29sZF9qb2JfZXhlY3V0aW9uc5SMB3RyaWdnZXKUjBlhcHNjaGVkdWxlci50cmlnZ2Vycy5jcm9ulIwLQ3JvblRyaWdnZXKUk5QpgZR9lChoAUsCjAh0aW1lem9uZZSMCGJ1aWx0aW5zlIwHZ2V0YXR0cpSTlIwIem9uZWluZm+UjAhab25lSW5mb5STlIwJX3VucGlja2xllIaUUpSMDEFmcmljYS9DYWlyb5RLAYaUUpSMCnN0YXJ0X2RhdGWUTowIZW5kX2RhdGWUTowGZmllbGRzlF2UKIwgYXBzY2hlZHVsZXIudHJpZ2dlcnMuY3Jvbi5maWVsZHOUjAlCYXNlRmllbGSUk5QpgZR9lCiMBG5hbWWUjAR5ZWFylIwKaXNfZGVmYXVsdJSIjAtleHByZXNzaW9uc5RdlIwlYXBzY2hlZHVsZXIudHJpZ2dlcnMuY3Jvbi5leHByZXNzaW9uc5SMDUFsbEV4cHJlc3Npb26Uk5QpgZR9lIwEc3RlcJROc2JhdWJoHYwKTW9udGhGaWVsZJSTlCmBlH2UKGgijAVtb250aJRoJIhoJV2UaCkpgZR9lGgsTnNiYXViaB2MD0RheU9mTW9udGhGaWVsZJSTlCmBlH2UKGgijANkYXmUaCSIaCVdlGgpKYGUfZRoLE5zYmF1YmgdjAlXZWVrRmllbGSUk5QpgZR9lChoIowEd2Vla5RoJIhoJV2UaCkpgZR9lGgsTnNiYXViaB2MDkRheU9mV2Vla0ZpZWxklJOUKYGUfZQoaCKMC2RheV9vZl93ZWVrlGgkiWglXZRoJ4wWV2Vla2RheVJhbmdlRXhwcmVzc2lvbpSTlCmBlH2UKGgsTowFZmlyc3SUSwCMBGxhc3SUSwB1YmF1YmgfKYGUfZQoaCKMBGhvdXKUaCSJaCVdlGgnjA9SYW5nZUV4cHJlc3Npb26Uk5QpgZR9lChoLE5oT0sAaFBLAHViYXViaB8pgZR9lChoIowGbWludXRllGgkiWglXZRoVimBlH2UKGgsTmhPSwBoUEsAdWJhdWJoHymBlH2UKGgijAZzZWNvbmSUaCSIaCVdlGhWKYGUfZQoaCxOaE9LAGhQSwB1YmF1YmWMBmppdHRlcpROdWKMCGV4ZWN1dG9ylIwHZGVmYXVsdJSMBGFyZ3OUKYwGa3dhcmdzlH2UaCJoA4wSbWlzZmlyZV9ncmFjZV90aW1llEsBjAhjb2FsZXNjZZSIjA1tYXhfaW5zdGFuY2VzlEsBjA1uZXh0X3J1bl90aW1llIwIZGF0ZXRpbWWUjAhkYXRldGltZZSTlEMKB+kFEwAAAAAAAJRoGIaUUpR1Lg=="
  }
},
{
  "model": "django_apscheduler.djangojob",
  "pk": "sync_with_google_sheets",
  "fields": {
    "next_run_time": "2025-05-13T16:07:05.352Z",
    "job_state": "gAWVEAIAAAAAAAB9lCiMB3ZlcnNpb26USwGMAmlklIwXc3luY193aXRoX2dvb2dsZV9zaGVldHOUjARmdW5jlIwiZGF0YV9iYWNrdXAuc2NoZWR1bGVyOnBlcmZvcm1fc3luY5SMB3RyaWdnZXKUjB1hcHNjaGVkdWxlci50cmlnZ2Vycy5pbnRlcnZhbJSMD0ludGVydmFsVHJpZ2dlcpSTlCmBlH2UKGgBSwKMCHRpbWV6b25llIwIYnVpbHRpbnOUjAdnZXRhdHRylJOUjAh6b25laW5mb5SMCFpvbmVJbmZvlJOUjAlfdW5waWNrbGWUhpRSlIwMQWZyaWNhL0NhaXJvlEsBhpRSlIwKc3RhcnRfZGF0ZZSMCGRhdGV0aW1llIwIZGF0ZXRpbWWUk5RDCgfpBQ0TBgUFYl+UaBiGlFKUjAhlbmRfZGF0ZZROjAhpbnRlcnZhbJRoGowJdGltZWRlbHRhlJOUSwBLPEsAh5RSlIwGaml0dGVylE51YowIZXhlY3V0b3KUjAdkZWZhdWx0lIwEYXJnc5QpjAZrd2FyZ3OUfZSMBG5hbWWUjAxwZXJmb3JtX3N5bmOUjBJtaXNmaXJlX2dyYWNlX3RpbWWUSwGMCGNvYWxlc2NllIiMDW1heF9pbnN0YW5jZXOUSwGMDW5leHRfcnVuX3RpbWWUaBxDCgfpBQ0TBwUFYl+UaBiGlFKUdS4="
  }
},
{
  "model": "django_apscheduler.djangojobexecution",
  "pk": 295,
  "fields": {
    "job": "sync_with_google_sheets",
    "status": "Executed",
    "run_time": "2025-05-13T16:06:05.352Z",
    "duration": "0.21",
    "finished": "1747152365.57",
    "exception": null,
    "traceback": null
  }
},
{
  "model": "db_manager.databaseconfig",
  "pk": 1,
  "fields": {
    "name": "قاعدة البيانات الرئيسية",
    "db_type": "postgresql",
    "host": "localhost",
    "port": "5432",
    "username": "crm_user",
    "password": "5525",
    "database_name": "crm_system",
    "connection_string": null,
    "is_active": true,
    "is_default": false,
    "created_at": "2025-05-13T11:21:55.647Z",
    "updated_at": "2025-05-13T11:21:55.647Z"
  }
},
{
  "model": "db_manager.databaseconfig",
  "pk": 2,
  "fields": {
    "name": "قاعدة البيانات الرئيسية",
    "db_type": "postgresql",
    "host": "localhost",
    "port": "5432",
    "username": "crm_user",
    "password": "5525",
    "database_name": "crm_system",
    "connection_string": null,
    "is_active": true,
    "is_default": true,
    "created_at": "2025-05-13T11:23:17.012Z",
    "updated_at": "2025-05-13T11:23:17.012Z"
  }
},
{
  "model": "db_manager.databaseimport",
  "pk": 1,
  "fields": {
    "file": "db_imports/zakee_tahawi_20250513_183411_dGezcXL.dump",
    "database_config": 2,
    "status": "failed",
    "log": "بدء عملية الاستيراد...\nإنشاء نسخة احتياطية قبل الاستيراد...\nتحذير: فشل إنشاء نسخة احتياطية: cannot access local variable 'call_command' where it is not associated with a value\nمتابعة عملية الاستيراد...\nنوع الملف: PostgreSQL Dump\nمسار الملف: D:\\CRMsystem\\media\\db_imports\\zakee_tahawi_20250513_183411_dGezcXL.dump\nجاري التحضير لعملية الاستيراد...\nتم تفعيل خيار حذف البيانات القديمة. جاري حذف البيانات الموجودة...\nسيتم حذف البيانات من 56 نموذج.\nملاحظة: لن يتم حذف بيانات المستخدمين والأدوار وإعدادات قواعد البيانات.\nحذف البيانات من customers.customercategory...\nتم حذف البيانات من customers.customercategory بنجاح.\nحذف البيانات من customers.customernote...\nتم حذف البيانات من customers.customernote بنجاح.\nحذف البيانات من customers.customer...\nتحذير: فشل حذف البيانات من customers.customer: (\"Cannot delete some instances of model 'Customer' because they are referenced through protected foreign keys: 'Inspection.customer'.\", {<Inspection: None - اختبار 1>})\nحذف البيانات من factory.productionline...\nتم حذف البيانات من factory.productionline بنجاح.\nحذف البيانات من factory.productionorder...\nتم حذف البيانات من factory.productionorder بنجاح.\nحذف البيانات من factory.productionstage...\nتم حذف البيانات من factory.productionstage بنجاح.\nحذف البيانات من factory.productionissue...\nتم حذف البيانات من factory.productionissue بنجاح.\nحذف البيانات من inspections.inspectionevaluation...\nتم حذف البيانات من inspections.inspectionevaluation بنجاح.\nحذف البيانات من inspections.inspectionnotification...\nتم حذف البيانات من inspections.inspectionnotification بنجاح.\nحذف البيانات من inspections.inspectionreport...\nتم حذف البيانات من inspections.inspectionreport بنجاح.\nحذف البيانات من inspections.inspection...\nتم حذف البيانات من inspections.inspection بنجاح.\nحذف البيانات من installations.installationteam...\nتم حذف البيانات من installations.installationteam بنجاح.\nحذف البيانات من installations.installation...\nتم حذف البيانات من installations.installation بنجاح.\nحذف البيانات من installations.installationstep...\nتم حذف البيانات من installations.installationstep بنجاح.\nحذف البيانات من installations.installationqualitycheck...\nتم حذف البيانات من installations.installationqualitycheck بنجاح.\nحذف البيانات من installations.installationissue...\nتم حذف البيانات من installations.installationissue بنجاح.\nحذف البيانات من installations.installationnotification...\nتم حذف البيانات من installations.installationnotification بنجاح.\nحذف البيانات من inventory.category...\nتم حذف البيانات من inventory.category بنجاح.\nحذف البيانات من inventory.product...\nتم حذف البيانات من inventory.product بنجاح.\nحذف البيانات من inventory.supplier...\nتم حذف البيانات من inventory.supplier بنجاح.\nحذف البيانات من inventory.warehouse...\nتم حذف البيانات من inventory.warehouse بنجاح.\nحذف البيانات من inventory.warehouselocation...\nتم حذف البيانات من inventory.warehouselocation بنجاح.\nحذف البيانات من inventory.productbatch...\nتم حذف البيانات من inventory.productbatch بنجاح.\nحذف البيانات من inventory.stocktransaction...\nتم حذف البيانات من inventory.stocktransaction بنجاح.\nحذف البيانات من inventory.purchaseorder...\nتم حذف البيانات من inventory.purchaseorder بنجاح.\nحذف البيانات من inventory.purchaseorderitem...\nتم حذف البيانات من inventory.purchaseorderitem بنجاح.\nحذف البيانات من inventory.inventoryadjustment...\nتم حذف البيانات من inventory.inventoryadjustment بنجاح.\nحذف البيانات من inventory.stockalert...\nتم حذف البيانات من inventory.stockalert بنجاح.\nحذف البيانات من orders.shippingdetails...\nتم حذف البيانات من orders.shippingdetails بنجاح.\nحذف البيانات من orders.order...\nتم حذف البيانات من orders.order بنجاح.\nحذف البيانات من orders.orderitem...\nتم حذف البيانات من orders.orderitem بنجاح.\nحذف البيانات من orders.payment...\nتم حذف البيانات من orders.payment بنجاح.\nحذف البيانات من orders.orderstatuslog...\nتم حذف البيانات من orders.orderstatuslog بنجاح.\nحذف البيانات من orders.extendedorder...\nتم حذف البيانات من orders.extendedorder بنجاح.\nحذف البيانات من orders.accessoryitem...\nتم حذف البيانات من orders.accessoryitem بنجاح.\nحذف البيانات من orders.fabricorder...\nتم حذف البيانات من orders.fabricorder بنجاح.\nحذف البيانات من reports.report...\nتم حذف البيانات من reports.report بنجاح.\nحذف البيانات من reports.savedreport...\nتم حذف البيانات من reports.savedreport بنجاح.\nحذف البيانات من reports.reportschedule...\nتم حذف البيانات من reports.reportschedule بنجاح.\nحذف البيانات من data_import_export.importexportlog...\nتم حذف البيانات من data_import_export.importexportlog بنجاح.\nحذف البيانات من data_import_export.importtemplate...\nتم حذف البيانات من data_import_export.importtemplate بنجاح.\nحذف البيانات من data_backup.googlesheetsconfig...\nتم حذف البيانات من data_backup.googlesheetsconfig بنجاح.\nحذف البيانات من data_backup.synclog...\nتم حذف البيانات من data_backup.synclog بنجاح.\nحذف البيانات من data_backup.systemconfiguration...\nتم حذف البيانات من data_backup.systemconfiguration بنجاح.\nحذف البيانات من data_backup.backuphistory...\nتم حذف البيانات من data_backup.backuphistory بنجاح.\nحذف البيانات من data_backup.autobackupconfig...\nتم حذف البيانات من data_backup.autobackupconfig بنجاح.\nحذف البيانات من data_backup.backupnotificationsetting...\nتم حذف البيانات من data_backup.backupnotificationsetting بنجاح.\nحذف البيانات من data_backup.cloudstorageconfig...\nتم حذف البيانات من data_backup.cloudstorageconfig بنجاح.\nحذف البيانات من data_backup.backupmetrics...\nتم حذف البيانات من data_backup.backupmetrics بنجاح.\nحذف البيانات من django_apscheduler.djangojob...\nتم حذف البيانات من django_apscheduler.djangojob بنجاح.\nحذف البيانات من django_apscheduler.djangojobexecution...\nتم حذف البيانات من django_apscheduler.djangojobexecution بنجاح.\nحذف البيانات من token_blacklist.outstandingtoken...\nتم حذف البيانات من token_blacklist.outstandingtoken بنجاح.\nحذف البيانات من token_blacklist.blacklistedtoken...\nتم حذف البيانات من token_blacklist.blacklistedtoken بنجاح.\nحذف البيانات من db_manager.databasebackup...\nتم حذف البيانات من db_manager.databasebackup بنجاح.\nحذف البيانات من db_manager.databaseimport...\nتم حذف البيانات من db_manager.databaseimport بنجاح.\nحذف البيانات من db_manager.setuptoken...\nتم حذف البيانات من db_manager.setuptoken بنجاح.\nتم حذف البيانات القديمة بنجاح.\nبدء استيراد ملف DUMP...\nملاحظة: استيراد ملفات DUMP على منصة Railway يتطلب استخدام طريقة بديلة.\nتحويل ملف DUMP إلى تنسيق SQL...\nالاتصال بقاعدة البيانات...\nاستيراد البيانات باستخدام SQL...\nفشل استيراد البيانات: 'utf-8' codec can't decode byte 0xbb in position 81: invalid start byte\nمحاولة استيراد البيانات باستخدام طريقة بديلة...\nفشل استيراد البيانات باستخدام جميع الطرق المتاحة: cannot access local variable 'StringIO' where it is not associated with a value\nيرجى التأكد من أن الملف بتنسيق صحيح (JSON أو SQL) ومتوافق مع هيكل قاعدة البيانات.\n",
    "clear_data": true,
    "created_at": "2025-05-13T16:00:53.420Z",
    "completed_at": null,
    "created_by": 1
  }
},
{
  "model": "db_manager.databaseimport",
  "pk": 2,
  "fields": {
    "file": "db_imports/zakee_tahawi_20250513_183411_oO3IkbE.dump",
    "database_config": 2,
    "status": "in_progress",
    "log": "بدء عملية الاستيراد...\nإنشاء نسخة احتياطية قبل الاستيراد...\n",
    "clear_data": true,
    "created_at": "2025-05-13T16:06:55.336Z",
    "completed_at": null,
    "created_by": 1
  }
}
]
